date,open,close,high,low,volume,symbol
20191216,0.969,0.974,0.975,0.965,5019110,515800.SH
20191217,0.973,0.987,0.99,0.972,3352359,515800.SH
20191218,0.985,0.984,0.993,0.983,1322104,515800.SH
20191219,0.985,0.986,0.989,0.983,3170260,515800.SH
20191220,0.986,0.983,0.99,0.982,1619557,515800.SH
20191223,0.982,0.97,0.985,0.968,397461,515800.SH
20191224,0.969,0.976,0.976,0.969,1016996,515800.SH
20191225,0.976,0.977,0.979,0.973,1009493,515800.SH
20191226,0.976,0.985,0.986,0.974,340997,515800.SH
20191227,0.985,0.983,0.995,0.983,380380,515800.SH
20191230,0.981,0.995,0.998,0.979,995885,515800.SH
20191231,0.996,1.003,1.003,0.995,1312080,515800.SH
20200102,1.004,1.014,1.02,1.004,1775772,515800.SH
20200103,1.017,1.014,1.019,1.012,682899,515800.SH
20200106,1.01,1.015,1.025,1.008,947414,515800.SH
20200107,1.019,1.026,1.028,1.019,784207,515800.SH
20200108,1.022,1.012,1.024,1.011,603491,515800.SH
20200109,1.02,1.026,1.028,1.02,601151,515800.SH
20200110,1.026,1.022,1.028,1.019,414047,515800.SH
20200113,1.021,1.033,1.033,1.018,777825,515800.SH
20200114,1.032,1.028,1.037,1.028,761994,515800.SH
20200115,1.03,1.024,1.03,1.02,391981,515800.SH
20200116,1.024,1.022,1.026,1.019,563941,515800.SH
20200117,1.021,1.019,1.026,1.017,445232,515800.SH
20200120,1.02,1.029,1.03,1.019,507627,515800.SH
20200121,1.025,1.014,1.025,1.013,1277939,515800.SH
20200122,1.014,1.017,1.021,0.996,367080,515800.SH
20200123,1.015,0.989,1.015,0.981,416825,515800.SH
20200203,0.927,0.89,0.927,0.89,270083,515800.SH
20200204,0.891,0.927,0.927,0.891,5225201,515800.SH
20200205,0.936,0.938,0.945,0.922,143868,515800.SH
20200206,0.936,0.955,0.962,0.934,107099,515800.SH
20200207,0.954,0.958,0.959,0.947,112841,515800.SH
20200210,0.953,0.963,0.965,0.95,171574,515800.SH
20200211,0.957,0.969,0.975,0.957,95213,515800.SH
20200212,0.969,0.978,0.983,0.967,753346,515800.SH
20200213,0.978,0.975,0.982,0.971,164722,515800.SH
20200214,0.973,0.981,0.986,0.973,153629,515800.SH
20200217,0.982,1.002,1.003,0.982,228184,515800.SH
20200218,0.995,1.002,1.005,0.994,339583,515800.SH
20200219,1.002,1.001,1.009,1.0,626247,515800.SH
20200220,1.001,1.023,1.027,1.001,754682,515800.SH
20200221,1.016,1.027,1.037,1.016,704463,515800.SH
20200224,1.03,1.03,1.036,1.022,495044,515800.SH
20200225,1.012,1.03,1.033,1.003,1268924,515800.SH
20200226,1.024,1.015,1.03,1.013,839604,515800.SH
20200227,1.015,1.015,1.03,1.013,487873,515800.SH
20200228,0.986,0.977,1.005,0.975,1410801,515800.SH
20200302,0.971,1.004,1.014,0.971,509384,515800.SH
20200303,1.009,1.009,1.026,1.005,920870,515800.SH
20200304,1.006,1.015,1.016,1.003,501740,515800.SH
20200305,1.023,1.035,1.038,1.019,2147726,515800.SH
20200306,1.028,1.026,1.033,1.021,674099,515800.SH
20200309,1.015,0.995,1.02,0.992,455626,515800.SH
20200310,0.994,1.008,1.012,0.976,345853,515800.SH
20200311,1.011,0.997,1.011,0.996,234903,515800.SH
20200312,0.986,0.979,0.991,0.973,303913,515800.SH
20200313,0.954,0.973,0.979,0.928,412641,515800.SH
20200316,0.975,0.925,0.975,0.921,295992,515800.SH
20200317,0.935,0.921,0.942,0.897,1336970,515800.SH
20200318,0.924,0.904,0.935,0.903,254774,515800.SH
20200319,0.91,0.898,0.91,0.875,448238,515800.SH
20200320,0.904,0.911,0.912,0.896,543364,515800.SH
20200323,0.89,0.881,0.909,0.878,220971,515800.SH
20200324,0.89,0.9,0.902,0.881,231356,515800.SH
20200325,0.916,0.924,0.927,0.914,272371,515800.SH
20200326,0.923,0.918,0.926,0.914,110995,515800.SH
20200327,0.927,0.918,0.932,0.918,263081,515800.SH
20200330,0.902,0.908,0.911,0.898,247681,515800.SH
20200331,0.92,0.906,0.92,0.905,168404,515800.SH
20200401,0.905,0.903,0.919,0.903,251865,515800.SH
20200402,0.907,0.922,0.922,0.9,213806,515800.SH
20200403,0.922,0.915,0.922,0.911,121330,515800.SH
20200407,0.928,0.937,0.939,0.927,159715,515800.SH
20200408,0.934,0.936,0.939,0.932,257394,515800.SH
20200409,0.931,0.94,0.942,0.931,55845,515800.SH
20200410,0.941,0.933,0.945,0.93,278604,515800.SH
20200413,0.927,0.926,0.931,0.923,173063,515800.SH
20200414,0.93,0.943,0.945,0.929,306562,515800.SH
20200415,0.945,0.938,0.948,0.938,145307,515800.SH
20200416,0.94,0.943,0.944,0.935,230768,515800.SH
20200417,0.944,0.948,0.955,0.944,236069,515800.SH
20200420,0.949,0.953,0.959,0.948,104441,515800.SH
20200421,0.952,0.944,0.952,0.936,77269,515800.SH
20200422,0.937,0.951,0.951,0.937,112175,515800.SH
20200423,0.951,0.949,0.955,0.948,114892,515800.SH
20200424,0.949,0.94,0.949,0.937,85055,515800.SH
20200427,0.939,0.941,0.948,0.939,96263,515800.SH
20200428,0.941,0.946,0.95,0.926,198787,515800.SH
20200429,0.945,0.948,0.952,0.942,180282,515800.SH
20200430,0.948,0.964,0.966,0.948,190024,515800.SH
20200506,0.963,0.971,0.973,0.953,141783,515800.SH
20200507,0.972,0.968,0.973,0.966,275296,515800.SH
20200508,0.97,0.978,0.983,0.97,648608,515800.SH
20200511,0.979,0.976,0.987,0.974,471115,515800.SH
20200512,0.976,0.977,0.979,0.971,719716,515800.SH
20200513,0.976,0.981,0.982,0.972,624376,515800.SH
20200514,0.975,0.973,0.977,0.972,306728,515800.SH
20200515,0.974,0.969,0.977,0.968,460908,515800.SH
20200518,0.969,0.972,0.977,0.967,473519,515800.SH
20200519,0.973,0.979,0.982,0.973,349220,515800.SH
20200520,0.978,0.975,0.979,0.972,368992,515800.SH
20200521,0.975,0.968,0.978,0.966,166401,515800.SH
20200522,0.967,0.948,0.967,0.946,311250,515800.SH
20200525,0.948,0.946,0.95,0.943,180613,515800.SH
20200526,0.947,0.96,0.96,0.947,502245,515800.SH
20200527,0.959,0.954,0.96,0.951,251970,515800.SH
20200528,0.954,0.954,0.96,0.946,351038,515800.SH
20200529,0.953,0.958,0.96,0.949,394434,515800.SH
20200601,0.965,0.984,0.987,0.965,781306,515800.SH
20200602,0.986,0.989,0.992,0.984,490918,515800.SH
20200603,0.991,0.989,0.996,0.988,434332,515800.SH
20200604,0.992,0.988,0.994,0.987,182596,515800.SH
20200605,0.988,0.992,0.993,0.986,238760,515800.SH
20200608,0.997,0.996,1.004,0.995,309013,515800.SH
20200609,0.996,1.002,1.004,0.996,2614095,515800.SH
20200610,1.003,1.002,1.003,0.999,3214381,515800.SH
20200611,1.001,0.995,1.007,0.992,2724025,515800.SH
20200612,0.991,0.995,0.998,0.98,333808,515800.SH
20200615,0.986,0.988,0.997,0.986,431226,515800.SH
20200616,0.992,1.0,1.0,0.992,313366,515800.SH
20200617,1.001,1.003,1.004,0.998,346754,515800.SH
20200618,1.0,1.008,1.01,1.0,711348,515800.SH
20200619,1.008,1.021,1.025,1.007,705122,515800.SH
20200622,1.024,1.023,1.029,1.02,763501,515800.SH
20200623,1.018,1.028,1.029,1.018,435953,515800.SH
20200624,1.029,1.031,1.033,1.028,1363482,515800.SH
20200629,1.031,1.027,1.031,1.021,1196751,515800.SH
20200630,1.028,1.039,1.043,1.028,1418850,515800.SH
20200701,1.04,1.058,1.058,1.04,1452992,515800.SH
20200702,1.057,1.078,1.08,1.056,1499738,515800.SH
20200703,1.076,1.097,1.099,1.076,1677632,515800.SH
20200706,1.103,1.164,1.167,1.103,2033869,515800.SH
20200707,1.19,1.166,1.19,1.161,1373356,515800.SH
20200708,1.16,1.186,1.193,1.16,857163,515800.SH
20200709,1.185,1.203,1.208,1.18,994570,515800.SH
20200710,1.196,1.192,1.207,1.185,582556,515800.SH
20200713,1.189,1.218,1.227,1.189,1022012,515800.SH
20200714,1.218,1.208,1.221,1.187,614269,515800.SH
20200715,1.21,1.194,1.22,1.187,556711,515800.SH
20200716,1.194,1.149,1.211,1.146,549501,515800.SH
20200717,1.149,1.157,1.172,1.146,441057,515800.SH
20200720,1.175,1.192,1.193,1.157,460802,515800.SH
20200721,1.193,1.195,1.2,1.186,269102,515800.SH
20200722,1.195,1.205,1.222,1.192,495445,515800.SH
20200723,1.204,1.203,1.209,1.178,417539,515800.SH
20200724,1.2,1.157,1.2,1.148,445926,515800.SH
20200727,1.157,1.155,1.165,1.145,303844,515800.SH
20200728,1.156,1.164,1.17,1.156,435086,515800.SH
20200729,1.174,1.192,1.198,1.159,429726,515800.SH
20200730,1.2,1.191,1.201,1.189,355460,515800.SH
20200731,1.192,1.198,1.213,1.182,669537,515800.SH
20200803,1.208,1.221,1.222,1.207,472010,515800.SH
20200804,1.225,1.222,1.228,1.216,370755,515800.SH
20200805,1.215,1.225,1.229,1.207,321178,515800.SH
20200806,1.226,1.221,1.231,1.205,583301,515800.SH
20200807,1.217,1.209,1.217,1.193,994152,515800.SH
20200810,1.208,1.213,1.224,1.195,259627,515800.SH
20200811,1.214,1.2,1.228,1.198,306063,515800.SH
20200812,1.199,1.189,1.199,1.17,469185,515800.SH
20200813,1.19,1.19,1.196,1.185,440098,515800.SH
20200814,1.191,1.21,1.212,1.185,468284,515800.SH
20200817,1.207,1.233,1.239,1.207,438104,515800.SH
20200818,1.233,1.235,1.238,1.228,333747,515800.SH
20200819,1.235,1.216,1.236,1.215,365793,515800.SH
20200820,1.215,1.202,1.215,1.2,360163,515800.SH
20200821,1.204,1.213,1.219,1.204,266677,515800.SH
20200824,1.217,1.221,1.226,1.207,424081,515800.SH
20200825,1.222,1.222,1.235,1.218,346319,515800.SH
20200826,1.222,1.208,1.227,1.203,491571,515800.SH
20200827,1.207,1.213,1.213,1.201,287124,515800.SH
20200828,1.214,1.243,1.245,1.209,471831,515800.SH
20200831,1.239,1.237,1.255,1.232,559086,515800.SH
20200901,1.231,1.241,1.241,1.228,247250,515800.SH
20200902,1.241,1.241,1.245,1.229,324194,515800.SH
20200903,1.239,1.234,1.248,1.231,375842,515800.SH
20200904,1.229,1.225,1.229,1.21,255360,515800.SH
20200907,1.224,1.198,1.229,1.194,307387,515800.SH
20200908,1.199,1.203,1.207,1.191,570718,515800.SH
20200909,1.198,1.178,1.198,1.17,486670,515800.SH
20200910,1.178,1.172,1.19,1.168,221463,515800.SH
20200911,1.173,1.181,1.182,1.168,265865,515800.SH
20200914,1.182,1.189,1.192,1.182,212785,515800.SH
20200915,1.189,1.196,1.199,1.185,173625,515800.SH
20200916,1.196,1.188,1.196,1.185,435229,515800.SH
20200917,1.187,1.187,1.195,1.178,334214,515800.SH
20200918,1.186,1.213,1.215,1.186,390186,515800.SH
20200921,1.213,1.203,1.219,1.201,314299,515800.SH
20200922,1.202,1.19,1.205,1.183,381471,515800.SH
20200923,1.189,1.192,1.195,1.186,278650,515800.SH
20200924,1.192,1.172,1.192,1.17,257882,515800.SH
20200925,1.173,1.172,1.177,1.166,249528,515800.SH
20200928,1.173,1.169,1.179,1.166,198130,515800.SH
20200929,1.168,1.175,1.181,1.168,258797,515800.SH
20200930,1.179,1.175,1.183,1.165,365202,515800.SH
20201009,1.176,1.194,1.199,1.176,377635,515800.SH
20201012,1.194,1.231,1.234,1.194,512193,515800.SH
20201013,1.23,1.235,1.238,1.212,138734,515800.SH
20201014,1.232,1.23,1.232,1.227,314391,515800.SH
20201015,1.23,1.224,1.233,1.221,378378,515800.SH
20201016,1.218,1.222,1.229,1.214,324122,515800.SH
20201019,1.236,1.214,1.238,1.208,470464,515800.SH
20201020,1.229,1.222,1.229,1.209,214487,515800.SH
20201021,1.22,1.222,1.223,1.212,241866,515800.SH
20201022,1.215,1.217,1.219,1.204,209226,515800.SH
20201023,1.22,1.204,1.222,1.199,448274,515800.SH
20201026,1.216,1.195,1.216,1.181,337226,515800.SH
20201027,1.194,1.195,1.197,1.19,166971,515800.SH
20201028,1.195,1.205,1.208,1.192,278223,515800.SH
20201029,1.2,1.217,1.219,1.192,302836,515800.SH
20201030,1.216,1.192,1.216,1.189,606054,515800.SH
20201102,1.196,1.196,1.202,1.191,286927,515800.SH
20201103,1.197,1.211,1.216,1.197,232771,515800.SH
20201104,1.211,1.218,1.223,1.208,305955,515800.SH
20201105,1.224,1.237,1.238,1.224,221994,515800.SH
20201106,1.241,1.237,1.241,1.228,195911,515800.SH
20201109,1.238,1.264,1.266,1.238,531469,515800.SH
20201110,1.265,1.254,1.265,1.246,358106,515800.SH
20201111,1.254,1.239,1.254,1.238,658398,515800.SH
20201112,1.241,1.24,1.246,1.236,560505,515800.SH
20201113,1.239,1.232,1.239,1.222,648341,515800.SH
20201116,1.233,1.244,1.244,1.229,431498,515800.SH
20201117,1.24,1.24,1.242,1.234,196252,515800.SH
20201118,1.239,1.239,1.247,1.233,244820,515800.SH
20201119,1.235,1.248,1.251,1.234,212512,515800.SH
20201120,1.245,1.252,1.255,1.245,270427,515800.SH
20201123,1.252,1.268,1.277,1.251,322901,515800.SH
20201124,1.267,1.261,1.27,1.258,521112,515800.SH
20201125,1.262,1.246,1.268,1.245,500026,515800.SH
20201126,1.26,1.245,1.26,1.234,215555,515800.SH
20201127,1.246,1.26,1.26,1.242,261247,515800.SH
20201130,1.256,1.256,1.277,1.255,439610,515800.SH
20201201,1.256,1.278,1.281,1.255,286332,515800.SH
20201202,1.277,1.277,1.284,1.272,280300,515800.SH
20201203,1.277,1.278,1.282,1.271,230541,515800.SH
20201204,1.277,1.282,1.282,1.267,227047,515800.SH
20201207,1.27,1.272,1.28,1.266,257489,515800.SH
20201208,1.272,1.266,1.276,1.265,268158,515800.SH
20201209,1.261,1.252,1.274,1.249,224217,515800.SH
20201210,1.252,1.25,1.256,1.244,235251,515800.SH
20201211,1.259,1.235,1.259,1.223,372504,515800.SH
20201214,1.235,1.245,1.247,1.23,329512,515800.SH
20201215,1.254,1.249,1.254,1.238,372273,515800.SH
20201216,1.242,1.252,1.252,1.242,366686,515800.SH
20201217,1.248,1.264,1.265,1.246,239121,515800.SH
20201218,1.255,1.262,1.265,1.253,317531,515800.SH
20201221,1.251,1.272,1.275,1.251,290153,515800.SH
20201222,1.271,1.254,1.272,1.25,272220,515800.SH
20201223,1.251,1.263,1.268,1.246,242419,515800.SH
20201224,1.271,1.259,1.271,1.251,276499,515800.SH
20201225,1.251,1.265,1.267,1.251,270803,515800.SH
20201228,1.266,1.269,1.276,1.261,272281,515800.SH
20201229,1.273,1.264,1.276,1.264,181884,515800.SH
20201230,1.264,1.282,1.283,1.239,334352,515800.SH
20201231,1.274,1.305,1.309,1.274,255196,515800.SH
20210104,1.311,1.321,1.329,1.302,257908,515800.SH
20210105,1.315,1.341,1.345,1.315,277761,515800.SH
20210106,1.342,1.351,1.357,1.336,278083,515800.SH
20210107,1.351,1.372,1.374,1.349,313573,515800.SH
20210108,1.373,1.366,1.38,1.354,326214,515800.SH
20210111,1.367,1.353,1.377,1.343,179646,515800.SH
20210112,1.352,1.385,1.386,1.348,200252,515800.SH
20210113,1.386,1.379,1.395,1.373,289064,515800.SH
20210114,1.368,1.355,1.376,1.352,295268,515800.SH
20210115,1.347,1.35,1.361,1.333,521317,515800.SH
20210118,1.349,1.367,1.374,1.344,275801,515800.SH
20210119,1.367,1.352,1.37,1.348,178547,515800.SH
20210120,1.35,1.362,1.365,1.35,152541,515800.SH
20210121,1.359,1.384,1.39,1.359,272869,515800.SH
20210122,1.375,1.385,1.386,1.37,209512,515800.SH
20210125,1.384,1.395,1.404,1.368,121176,515800.SH
20210126,1.394,1.369,1.394,1.367,125514,515800.SH
20210127,1.36,1.371,1.376,1.359,93487,515800.SH
20210128,1.37,1.34,1.37,1.334,249516,515800.SH
20210129,1.357,1.328,1.357,1.311,316742,515800.SH
20210201,1.328,1.343,1.343,1.328,300656,515800.SH
20210202,1.345,1.362,1.362,1.343,107462,515800.SH
20210203,1.361,1.36,1.368,1.354,133987,515800.SH
20210204,1.36,1.354,1.361,1.339,220821,515800.SH
20210205,1.38,1.35,1.38,1.347,290570,515800.SH
20210208,1.351,1.367,1.372,1.35,488533,515800.SH
20210209,1.368,1.398,1.4,1.365,157211,515800.SH
20210210,1.399,1.428,1.435,1.399,122603,515800.SH
20210218,1.437,1.424,1.46,1.417,232735,515800.SH
20210219,1.417,1.429,1.429,1.401,237153,515800.SH
20210222,1.43,1.391,1.432,1.39,284167,515800.SH
20210223,1.395,1.39,1.402,1.38,239265,515800.SH
20210224,1.391,1.352,1.394,1.34,346006,515800.SH
20210225,1.355,1.363,1.373,1.355,177953,515800.SH
20210226,1.348,1.328,1.348,1.325,328064,515800.SH
20210301,1.33,1.347,1.348,1.33,94039,515800.SH
20210302,1.347,1.336,1.353,1.324,338579,515800.SH
20210303,1.327,1.355,1.356,1.327,134824,515800.SH
20210304,1.349,1.323,1.349,1.316,296799,515800.SH
20210305,1.316,1.317,1.327,1.296,272121,515800.SH
20210308,1.321,1.274,1.333,1.272,269737,515800.SH
20210309,1.273,1.248,1.275,1.236,293180,515800.SH
20210310,1.258,1.25,1.268,1.246,289029,515800.SH
20210311,1.251,1.284,1.284,1.251,354614,515800.SH
20210312,1.285,1.289,1.289,1.272,136057,515800.SH
20210315,1.285,1.265,1.285,1.253,271884,515800.SH
20210316,1.266,1.272,1.273,1.254,258192,515800.SH
20210317,1.265,1.275,1.28,1.257,190114,515800.SH
20210318,1.275,1.286,1.29,1.275,288402,515800.SH
20210319,1.28,1.26,1.28,1.25,215107,515800.SH
20210322,1.262,1.271,1.282,1.256,230738,515800.SH
20210323,1.271,1.26,1.272,1.251,219556,515800.SH
20210324,1.255,1.24,1.264,1.237,243767,515800.SH
20210325,1.24,1.241,1.246,1.23,181046,515800.SH
20210326,1.242,1.264,1.269,1.242,208799,515800.SH
20210329,1.271,1.268,1.276,1.258,202891,515800.SH
20210330,1.269,1.277,1.282,1.264,219384,515800.SH
20210331,1.284,1.269,1.284,1.26,214464,515800.SH
20210401,1.27,1.283,1.286,1.27,184161,515800.SH
20210402,1.3,1.292,1.3,1.283,299907,515800.SH
20210406,1.291,1.288,1.298,1.286,253231,515800.SH
20210407,1.288,1.284,1.291,1.275,117874,515800.SH
20210408,1.283,1.287,1.29,1.274,201884,515800.SH
20210409,1.287,1.273,1.287,1.268,262021,515800.SH
20210412,1.271,1.251,1.274,1.245,240468,515800.SH
20210413,1.25,1.247,1.258,1.244,189576,515800.SH
20210414,1.244,1.255,1.259,1.244,205886,515800.SH
20210415,1.257,1.255,1.257,1.239,284101,515800.SH
20210416,1.254,1.261,1.261,1.247,206108,515800.SH
20210419,1.261,1.284,1.288,1.251,257642,515800.SH
20210420,1.285,1.284,1.293,1.28,255481,515800.SH
20210421,1.284,1.287,1.29,1.276,297230,515800.SH
20210422,1.286,1.286,1.294,1.282,335863,515800.SH
20210423,1.283,1.298,1.3,1.283,242255,515800.SH
20210426,1.298,1.286,1.311,1.283,284906,515800.SH
20210427,1.285,1.29,1.29,1.279,278150,515800.SH
20210428,1.285,1.299,1.3,1.28,301302,515800.SH
20210429,1.3,1.307,1.309,1.296,261256,515800.SH
20210430,1.303,1.299,1.305,1.289,294394,515800.SH
20210506,1.298,1.285,1.302,1.277,359348,515800.SH
20210507,1.29,1.274,1.294,1.27,336075,515800.SH
20210510,1.273,1.271,1.277,1.262,312384,515800.SH
20210511,1.261,1.278,1.281,1.254,326490,515800.SH
20210512,1.277,1.284,1.286,1.271,275843,515800.SH
20210513,1.283,1.27,1.283,1.267,372242,515800.SH
20210514,1.275,1.3,1.301,1.269,364868,515800.SH
20210517,1.301,1.315,1.321,1.301,243270,515800.SH
20210518,1.319,1.315,1.32,1.31,214857,515800.SH
20210519,1.31,1.313,1.318,1.306,423606,515800.SH
20210520,1.311,1.314,1.318,1.307,227704,515800.SH
20210521,1.31,1.303,1.323,1.301,289430,515800.SH
20210524,1.305,1.307,1.308,1.295,277917,515800.SH
20210525,1.307,1.345,1.347,1.303,233830,515800.SH
20210526,1.348,1.346,1.35,1.343,255563,515800.SH
20210527,1.346,1.351,1.359,1.338,643261,515800.SH
20210528,1.351,1.349,1.358,1.342,292270,515800.SH
20210531,1.347,1.352,1.353,1.34,279823,515800.SH
20210601,1.347,1.354,1.354,1.337,316573,515800.SH
20210602,1.355,1.344,1.357,1.339,305775,515800.SH
20210603,1.344,1.336,1.349,1.335,257063,515800.SH
20210604,1.335,1.343,1.355,1.328,298225,515800.SH
20210607,1.35,1.344,1.35,1.337,276112,515800.SH
20210608,1.34,1.335,1.354,1.328,305043,515800.SH
20210609,1.333,1.335,1.34,1.331,258354,515800.SH
20210610,1.332,1.348,1.352,1.332,345868,515800.SH
20210611,1.346,1.337,1.348,1.335,294437,515800.SH
20210615,1.337,1.321,1.337,1.316,236333,515800.SH
20210616,1.316,1.301,1.32,1.298,341054,515800.SH
20210617,1.3,1.305,1.308,1.3,246679,515800.SH
20210618,1.303,1.309,1.314,1.3,340174,515800.SH
20210621,1.315,1.309,1.316,1.299,319163,515800.SH
20210622,1.31,1.318,1.319,1.309,301882,515800.SH
20210623,1.32,1.326,1.329,1.315,286302,515800.SH
20210624,1.326,1.325,1.326,1.32,311592,515800.SH
20210625,1.321,1.343,1.347,1.321,378893,515800.SH
20210628,1.344,1.347,1.349,1.343,295816,515800.SH
20210629,1.345,1.337,1.348,1.335,352976,515800.SH
20210630,1.336,1.343,1.344,1.336,368657,515800.SH
20210701,1.343,1.342,1.349,1.335,176590,515800.SH
20210702,1.345,1.308,1.345,1.306,516937,515800.SH
20210705,1.308,1.311,1.315,1.304,289477,515800.SH
20210706,1.312,1.316,1.316,1.302,304862,515800.SH
20210707,1.314,1.326,1.329,1.307,274136,515800.SH
20210708,1.354,1.32,1.354,1.316,273406,515800.SH
20210709,1.324,1.317,1.324,1.302,306571,515800.SH
20210712,1.318,1.336,1.342,1.318,239441,515800.SH
20210713,1.336,1.339,1.344,1.334,209785,515800.SH
20210714,1.34,1.327,1.34,1.325,235105,515800.SH
20210715,1.325,1.339,1.342,1.322,200696,515800.SH
20210716,1.335,1.332,1.341,1.33,273885,515800.SH
20210719,1.332,1.335,1.337,1.32,250833,515800.SH
20210720,1.331,1.332,1.334,1.324,200793,515800.SH
20210721,1.335,1.343,1.346,1.335,249411,515800.SH
20210722,1.348,1.345,1.351,1.344,226196,515800.SH
20210723,1.345,1.336,1.345,1.333,285508,515800.SH
20210726,1.331,1.299,1.331,1.282,353733,515800.SH
20210727,1.291,1.258,1.301,1.255,323351,515800.SH
20210728,1.254,1.255,1.265,1.236,290103,515800.SH
20210729,1.26,1.276,1.278,1.26,339633,515800.SH
20210730,1.283,1.269,1.285,1.257,191787,515800.SH
20210802,1.271,1.299,1.301,1.261,204825,515800.SH
20210803,1.29,1.298,1.304,1.289,253032,515800.SH
20210804,1.301,1.311,1.311,1.292,224942,515800.SH
20210805,1.305,1.304,1.313,1.299,185261,515800.SH
20210806,1.309,1.303,1.309,1.293,171442,515800.SH
20210809,1.298,1.315,1.319,1.293,149570,515800.SH
20210810,1.315,1.329,1.33,1.307,217502,515800.SH
20210811,1.326,1.324,1.332,1.323,182950,515800.SH
20210812,1.321,1.32,1.326,1.318,121141,515800.SH
20210813,1.315,1.314,1.325,1.309,175601,515800.SH
20210816,1.316,1.313,1.319,1.31,170871,515800.SH
20210817,1.313,1.285,1.319,1.282,229613,515800.SH
20210818,1.284,1.296,1.302,1.281,198129,515800.SH
20210819,1.296,1.29,1.297,1.285,226322,515800.SH
20210820,1.289,1.272,1.289,1.262,228301,515800.SH
20210823,1.272,1.29,1.293,1.272,200221,515800.SH
20210824,1.297,1.305,1.308,1.293,229170,515800.SH
20210825,1.305,1.308,1.308,1.299,260206,515800.SH
20210826,1.308,1.292,1.308,1.29,231917,515800.SH
20210827,1.291,1.298,1.304,1.289,226771,515800.SH
20210830,1.3,1.295,1.303,1.289,248304,515800.SH
20210831,1.295,1.295,1.297,1.278,235507,515800.SH
20210901,1.295,1.306,1.316,1.285,285424,515800.SH
20210902,1.313,1.31,1.313,1.305,336829,515800.SH
20210903,1.31,1.303,1.316,1.302,244677,515800.SH
20210906,1.301,1.325,1.328,1.301,262670,515800.SH
20210907,1.325,1.349,1.35,1.322,263955,515800.SH
20210908,1.346,1.344,1.351,1.34,189454,515800.SH
20210909,1.344,1.346,1.347,1.336,206327,515800.SH
20210910,1.346,1.355,1.363,1.344,227802,515800.SH
20210913,1.354,1.353,1.361,1.346,205398,515800.SH
20210914,1.353,1.333,1.355,1.33,282534,515800.SH
20210915,1.329,1.325,1.334,1.319,220448,515800.SH
20210916,1.322,1.306,1.329,1.306,296184,515800.SH
20210917,1.313,1.314,1.314,1.299,249633,515800.SH
20210922,1.308,1.308,1.312,1.297,241347,515800.SH
20210923,1.307,1.317,1.325,1.307,223375,515800.SH
20210924,1.33,1.313,1.33,1.312,284843,515800.SH
20210927,1.318,1.311,1.323,1.302,294971,515800.SH
20210928,1.307,1.31,1.315,1.304,243823,515800.SH
20210929,1.31,1.296,1.31,1.286,307627,515800.SH
20210930,1.306,1.302,1.306,1.296,299708,515800.SH
20211008,1.305,1.316,1.318,1.305,305537,515800.SH
20211011,1.314,1.318,1.325,1.314,278450,515800.SH
20211012,1.315,1.299,1.315,1.29,333924,515800.SH
20211013,1.299,1.312,1.314,1.294,275140,515800.SH
20211014,1.312,1.309,1.317,1.307,270372,515800.SH
20211015,1.308,1.314,1.315,1.302,237956,515800.SH
20211018,1.314,1.303,1.314,1.296,326888,515800.SH
20211019,1.301,1.315,1.317,1.3,277927,515800.SH
20211020,1.316,1.314,1.319,1.311,208618,515800.SH
20211021,1.314,1.316,1.322,1.309,269286,515800.SH
20211022,1.313,1.32,1.328,1.313,267202,515800.SH
20211025,1.321,1.328,1.328,1.317,269380,515800.SH
20211026,1.327,1.325,1.335,1.322,260091,515800.SH
20211027,1.325,1.309,1.325,1.306,224740,515800.SH
20211028,1.309,1.298,1.309,1.295,290208,515800.SH
20211029,1.298,1.309,1.309,1.296,252746,515800.SH
20211101,1.306,1.307,1.312,1.3,279536,515800.SH
20211102,1.306,1.294,1.313,1.286,306839,515800.SH
20211103,1.295,1.293,1.299,1.288,310813,515800.SH
20211104,1.293,1.302,1.303,1.293,253803,515800.SH
20211105,1.303,1.297,1.307,1.296,320179,515800.SH
20211108,1.297,1.297,1.301,1.292,202368,515800.SH
20211109,1.295,1.3,1.304,1.294,291962,515800.SH
20211110,1.294,1.293,1.295,1.275,366537,515800.SH
20211111,1.289,1.311,1.311,1.289,253817,515800.SH
20211112,1.31,1.311,1.315,1.308,271881,515800.SH
20211115,1.313,1.309,1.316,1.305,219430,515800.SH
20211116,1.308,1.306,1.314,1.304,265908,515800.SH
20211117,1.307,1.307,1.309,1.303,219951,515800.SH
20211118,1.307,1.298,1.307,1.295,241296,515800.SH
20211119,1.297,1.311,1.313,1.294,260880,515800.SH
20211122,1.314,1.317,1.32,1.311,175020,515800.SH
20211123,1.317,1.322,1.324,1.316,254662,515800.SH
20211124,1.321,1.322,1.327,1.318,184141,515800.SH
20211125,1.322,1.318,1.323,1.317,155991,515800.SH
20211126,1.316,1.31,1.316,1.308,190408,515800.SH
20211129,1.31,1.307,1.31,1.301,233487,515800.SH
20211130,1.307,1.305,1.313,1.3,244845,515800.SH
20211201,1.303,1.307,1.308,1.303,272465,515800.SH
20211202,1.308,1.308,1.312,1.303,306247,515800.SH
20211203,1.309,1.32,1.32,1.308,254056,515800.SH
20211206,1.324,1.316,1.328,1.316,325047,515800.SH
20211207,1.318,1.32,1.325,1.315,286403,515800.SH
20211208,1.316,1.34,1.34,1.316,278210,515800.SH
20211209,1.34,1.36,1.366,1.339,195901,515800.SH
20211210,1.361,1.356,1.361,1.351,241097,515800.SH
20211213,1.361,1.357,1.371,1.356,212360,515800.SH
20211214,1.354,1.353,1.358,1.349,155981,515800.SH
20211215,1.341,1.343,1.355,1.341,244836,515800.SH
20211216,1.347,1.351,1.351,1.34,193082,515800.SH
20211217,1.349,1.334,1.35,1.334,163194,515800.SH
20211220,1.333,1.315,1.337,1.312,337327,515800.SH
20211221,1.315,1.32,1.322,1.313,280904,515800.SH
20211222,1.32,1.322,1.326,1.319,248494,515800.SH
20211223,1.325,1.329,1.332,1.322,341773,515800.SH
20211224,1.331,1.323,1.333,1.32,295777,515800.SH
20211227,1.323,1.323,1.33,1.319,244805,515800.SH
20211228,1.322,1.331,1.334,1.322,276203,515800.SH
20211229,1.331,1.314,1.331,1.312,471066,515800.SH
20211230,1.317,1.322,1.326,1.313,253154,515800.SH
20211231,1.322,1.331,1.331,1.322,378127,515800.SH
20220104,1.328,1.327,1.332,1.316,350562,515800.SH
20220105,1.322,1.311,1.324,1.308,355381,515800.SH
20220106,1.312,1.302,1.312,1.294,337758,515800.SH
20220107,1.301,1.301,1.309,1.301,293175,515800.SH
20220110,1.309,1.305,1.31,1.29,290042,515800.SH
20220111,1.306,1.295,1.306,1.291,274073,515800.SH
20220112,1.294,1.304,1.306,1.294,268212,515800.SH
20220113,1.307,1.285,1.307,1.285,292933,515800.SH
20220114,1.29,1.278,1.29,1.274,307995,515800.SH
20220117,1.28,1.286,1.288,1.276,286192,515800.SH
20220118,1.287,1.296,1.299,1.281,281786,515800.SH
20220119,1.298,1.289,1.301,1.283,234757,515800.SH
20220120,1.291,1.295,1.302,1.288,235927,515800.SH
20220121,1.297,1.285,1.297,1.281,246106,515800.SH
20220124,1.285,1.285,1.288,1.275,256635,515800.SH
20220125,1.282,1.254,1.282,1.253,264673,515800.SH
20220126,1.255,1.261,1.262,1.249,272479,515800.SH
20220127,1.261,1.238,1.261,1.237,279846,515800.SH
20220128,1.238,1.224,1.245,1.221,303551,515800.SH
20220207,1.23,1.24,1.246,1.23,271645,515800.SH
20220208,1.24,1.238,1.24,1.217,321739,515800.SH
20220209,1.24,1.251,1.252,1.235,319928,515800.SH
20220210,1.252,1.249,1.253,1.241,307232,515800.SH
20220211,1.249,1.239,1.254,1.236,309433,515800.SH
20220214,1.24,1.223,1.24,1.22,330289,515800.SH
20220215,1.226,1.235,1.236,1.224,323436,515800.SH
20220216,1.237,1.239,1.245,1.237,292364,515800.SH
20220217,1.24,1.243,1.248,1.236,300955,515800.SH
20220218,1.243,1.251,1.251,1.236,257932,515800.SH
20220221,1.251,1.249,1.252,1.243,256605,515800.SH
20220222,1.243,1.234,1.25,1.227,258623,515800.SH
20220223,1.236,1.247,1.247,1.235,176312,515800.SH
20220224,1.243,1.224,1.243,1.215,302416,515800.SH
20220225,1.235,1.235,1.245,1.227,268737,515800.SH
20220228,1.239,1.236,1.239,1.223,282936,515800.SH
20220301,1.236,1.246,1.246,1.236,225755,515800.SH
20220302,1.244,1.238,1.244,1.234,315484,515800.SH
20220303,1.242,1.234,1.244,1.231,296387,515800.SH
20220304,1.235,1.219,1.235,1.215,327421,515800.SH
20220307,1.214,1.183,1.214,1.18,402523,515800.SH
20220308,1.191,1.156,1.191,1.152,309937,515800.SH
20220309,1.16,1.148,1.162,1.099,353653,515800.SH
20220310,1.17,1.157,1.17,1.153,266190,515800.SH
20220311,1.145,1.164,1.17,1.131,358297,515800.SH
20220314,1.169,1.133,1.169,1.133,346935,515800.SH
20220315,1.124,1.078,1.126,1.078,339958,515800.SH
20220316,1.098,1.121,1.125,1.065,359228,515800.SH
20220317,1.13,1.142,1.156,1.13,322049,515800.SH
20220318,1.133,1.151,1.154,1.132,265100,515800.SH
20220321,1.147,1.152,1.157,1.143,254512,515800.SH
20220322,1.145,1.151,1.159,1.145,230270,515800.SH
20220323,1.16,1.159,1.17,1.149,244419,515800.SH
20220324,1.161,1.151,1.161,1.142,217450,515800.SH
20220325,1.144,1.132,1.152,1.13,274390,515800.SH
20220328,1.126,1.126,1.133,1.108,318892,515800.SH
20220329,1.12,1.122,1.132,1.119,254432,515800.SH
20220330,1.126,1.151,1.151,1.126,230662,515800.SH
20220331,1.152,1.142,1.153,1.142,233322,515800.SH
20220401,1.135,1.154,1.158,1.134,241581,515800.SH
20220406,1.149,1.15,1.153,1.142,222484,515800.SH
20220407,1.145,1.136,1.154,1.134,220341,515800.SH
20220408,1.134,1.14,1.141,1.125,370571,515800.SH
20220411,1.141,1.107,1.141,1.101,301724,515800.SH
20220412,1.104,1.125,1.125,1.097,290873,515800.SH
20220413,1.125,1.114,1.126,1.113,273406,515800.SH
20220414,1.12,1.125,1.133,1.118,294357,515800.SH
20220415,1.121,1.122,1.13,1.117,280502,515800.SH
20220418,1.121,1.119,1.121,1.105,277004,515800.SH
20220419,1.119,1.115,1.126,1.109,274678,515800.SH
20220420,1.115,1.095,1.115,1.093,319382,515800.SH
20220421,1.095,1.073,1.097,1.068,322840,515800.SH
20220422,1.073,1.077,1.083,1.059,378444,515800.SH
20220425,1.068,1.021,1.068,1.02,337581,515800.SH
20220426,1.022,1.005,1.032,1.005,352974,515800.SH
20220427,1.001,1.04,1.048,1.0,395329,515800.SH
20220428,1.044,1.042,1.045,1.029,228676,515800.SH
20220429,1.042,1.069,1.071,1.039,248819,515800.SH
20220505,1.069,1.069,1.078,1.065,288683,515800.SH
20220506,1.066,1.044,1.066,1.042,254634,515800.SH
20220509,1.035,1.043,1.07,1.034,219552,515800.SH
20220510,1.036,1.052,1.056,1.022,232920,515800.SH
20220511,1.054,1.066,1.083,1.053,202588,515800.SH
20220512,1.066,1.065,1.069,1.058,268457,515800.SH
20220513,1.065,1.07,1.075,1.063,235681,515800.SH
20220516,1.075,1.068,1.079,1.064,259953,515800.SH
20220517,1.07,1.076,1.078,1.062,309103,515800.SH
20220518,1.081,1.076,1.081,1.067,241311,515800.SH
20220519,1.073,1.075,1.076,1.061,192973,515800.SH
20220520,1.075,1.096,1.098,1.075,292793,515800.SH
20220523,1.097,1.094,1.097,1.086,731433,515800.SH
20220524,1.094,1.067,1.094,1.066,305974,515800.SH
20220525,1.071,1.073,1.073,1.065,245461,515800.SH
20220526,1.074,1.079,1.086,1.063,373639,515800.SH
20220527,1.08,1.081,1.094,1.075,329262,515800.SH
20220530,1.085,1.086,1.089,1.08,277845,515800.SH
20220531,1.094,1.103,1.105,1.084,316367,515800.SH
20220601,1.103,1.103,1.106,1.097,256910,515800.SH
20220602,1.104,1.107,1.107,1.097,201274,515800.SH
20220606,1.107,1.126,1.129,1.1,291357,515800.SH
20220607,1.127,1.13,1.135,1.124,236372,515800.SH
20220608,1.131,1.143,1.143,1.125,260563,515800.SH
20220609,1.138,1.132,1.143,1.126,361375,515800.SH
20220610,1.124,1.146,1.149,1.124,254839,515800.SH
20220613,1.143,1.134,1.143,1.127,287796,515800.SH
20220614,1.133,1.142,1.144,1.11,397230,515800.SH
20220615,1.142,1.152,1.177,1.14,829656,515800.SH
20220616,1.152,1.149,1.163,1.147,381039,515800.SH
20220617,1.148,1.167,1.17,1.144,452016,515800.SH
20220620,1.17,1.174,1.183,1.163,520073,515800.SH
20220621,1.174,1.17,1.179,1.16,594479,515800.SH
20220622,1.168,1.157,1.169,1.155,442618,515800.SH
20220623,1.157,1.173,1.174,1.151,366731,515800.SH
20220624,1.169,1.186,1.19,1.169,314689,515800.SH
20220627,1.188,1.201,1.208,1.188,334123,515800.SH
20220628,1.201,1.214,1.217,1.193,294265,515800.SH
20220629,1.214,1.198,1.217,1.195,383331,515800.SH
20220630,1.2,1.213,1.221,1.2,339854,515800.SH
20220701,1.214,1.208,1.215,1.203,323610,515800.SH
20220704,1.208,1.22,1.22,1.198,344985,515800.SH
20220705,1.22,1.214,1.228,1.203,249707,515800.SH
20220706,1.212,1.2,1.215,1.191,337698,515800.SH
20220707,1.196,1.202,1.209,1.192,319465,515800.SH
20220708,1.205,1.201,1.213,1.199,360641,515800.SH
20220711,1.2,1.182,1.2,1.175,377036,515800.SH
20220712,1.183,1.171,1.187,1.17,510136,515800.SH
20220713,1.169,1.175,1.178,1.165,239045,515800.SH
20220714,1.176,1.177,1.183,1.168,735832,515800.SH
20220715,1.174,1.158,1.183,1.157,376599,515800.SH
20220718,1.162,1.172,1.175,1.152,343945,515800.SH
20220719,1.174,1.168,1.174,1.16,341289,515800.SH
20220720,1.165,1.174,1.179,1.165,296768,515800.SH
20220721,1.171,1.163,1.175,1.163,311548,515800.SH
20220722,1.168,1.161,1.173,1.152,368410,515800.SH
20220725,1.16,1.155,1.162,1.152,314867,515800.SH
20220726,1.16,1.163,1.167,1.155,303382,515800.SH
20220727,1.161,1.159,1.162,1.156,276976,515800.SH
20220728,1.163,1.163,1.173,1.16,342821,515800.SH
20220729,1.166,1.147,1.167,1.146,329937,515800.SH
20220801,1.152,1.153,1.156,1.138,328001,515800.SH
20220802,1.151,1.13,1.151,1.122,377240,515800.SH
20220803,1.135,1.125,1.143,1.121,390949,515800.SH
20220804,1.127,1.126,1.132,1.118,614736,515800.SH
20220805,1.13,1.144,1.147,1.129,331968,515800.SH
20220808,1.144,1.145,1.147,1.141,300704,515800.SH
20220809,1.145,1.148,1.149,1.141,250341,515800.SH
20220810,1.15,1.139,1.15,1.134,298880,515800.SH
20220811,1.138,1.161,1.161,1.138,207347,515800.SH
20220812,1.159,1.16,1.165,1.158,401172,515800.SH
20220815,1.16,1.159,1.167,1.157,233636,515800.SH
20220816,1.161,1.16,1.168,1.157,270238,515800.SH
20220817,1.16,1.17,1.173,1.153,512946,515800.SH
20220818,1.166,1.16,1.168,1.159,440248,515800.SH
20220819,1.16,1.152,1.163,1.151,329102,515800.SH
20220822,1.151,1.163,1.163,1.147,319709,515800.SH
20220823,1.164,1.156,1.164,1.151,311647,515800.SH
20220824,1.156,1.136,1.16,1.134,359799,515800.SH
20220825,1.138,1.143,1.145,1.127,347562,515800.SH
20220826,1.144,1.142,1.148,1.139,361828,515800.SH
20220829,1.137,1.136,1.138,1.128,390264,515800.SH
20220830,1.136,1.132,1.137,1.124,353631,515800.SH
20220831,1.133,1.128,1.139,1.122,378016,515800.SH
20220901,1.125,1.12,1.131,1.118,357593,515800.SH
20220902,1.121,1.114,1.122,1.11,470766,515800.SH
20220905,1.114,1.114,1.114,1.104,760292,515800.SH
20220906,1.109,1.124,1.126,1.109,401462,515800.SH
20220907,1.124,1.127,1.131,1.12,364902,515800.SH
20220908,1.128,1.124,1.131,1.123,304947,515800.SH
20220909,1.125,1.138,1.139,1.125,290222,515800.SH
20220913,1.142,1.14,1.145,1.138,374567,515800.SH
20220914,1.137,1.129,1.137,1.124,284066,515800.SH
20220915,1.126,1.114,1.133,1.108,392548,515800.SH
20220916,1.112,1.091,1.112,1.089,380163,515800.SH
20220919,1.089,1.085,1.092,1.081,430743,515800.SH
20220920,1.088,1.087,1.094,1.084,301083,515800.SH
20220921,1.09,1.083,1.09,1.075,533453,515800.SH
20220922,1.08,1.077,1.083,1.072,361138,515800.SH
20220923,1.077,1.071,1.081,1.063,447496,515800.SH
20220926,1.065,1.06,1.077,1.058,402059,515800.SH
20220927,1.065,1.077,1.078,1.06,433333,515800.SH
20220928,1.082,1.059,1.082,1.057,418147,515800.SH
20220929,1.065,1.058,1.071,1.052,350475,515800.SH
20220930,1.06,1.051,1.063,1.05,268060,515800.SH
20221010,1.051,1.029,1.053,1.027,395776,515800.SH
20221011,1.035,1.032,1.036,1.026,391897,515800.SH
20221012,1.036,1.048,1.05,1.014,515423,515800.SH
20221013,1.054,1.043,1.054,1.041,566190,515800.SH
20221014,1.047,1.07,1.076,1.047,441669,515800.SH
20221017,1.07,1.071,1.073,1.062,304961,515800.SH
20221018,1.074,1.07,1.078,1.068,413260,515800.SH
20221019,1.067,1.057,1.072,1.054,433059,515800.SH
20221020,1.054,1.051,1.065,1.043,440181,515800.SH
20221021,1.053,1.047,1.055,1.043,295290,515800.SH
20221024,1.052,1.023,1.059,1.018,391575,515800.SH
20221025,1.02,1.022,1.034,1.012,429930,515800.SH
20221026,1.022,1.033,1.043,1.022,339686,515800.SH
20221027,1.038,1.028,1.04,1.025,353676,515800.SH
20221028,1.024,1.002,1.024,0.998,383849,515800.SH
20221031,0.994,0.993,1.007,0.99,494619,515800.SH
20221101,0.998,1.024,1.025,0.993,551692,515800.SH
20221102,1.029,1.034,1.043,1.019,436420,515800.SH
20221103,1.024,1.031,1.034,1.024,507275,515800.SH
20221104,1.032,1.062,1.067,1.032,392139,515800.SH
20221107,1.062,1.064,1.069,1.057,373302,515800.SH
20221108,1.064,1.059,1.066,1.052,315788,515800.SH
20221109,1.059,1.05,1.061,1.049,392942,515800.SH
20221110,1.042,1.043,1.047,1.037,388427,515800.SH
20221111,1.062,1.066,1.078,1.058,413034,515800.SH
20221114,1.08,1.066,1.08,1.063,421556,515800.SH
20221115,1.066,1.085,1.088,1.061,502618,515800.SH
20221116,1.084,1.079,1.089,1.076,350095,515800.SH
20221117,1.075,1.074,1.075,1.064,325703,515800.SH
20221118,1.074,1.072,1.083,1.072,315678,515800.SH
20221121,1.067,1.068,1.068,1.055,351784,515800.SH
20221122,1.068,1.063,1.074,1.059,342685,515800.SH
20221123,1.062,1.063,1.067,1.056,396159,515800.SH
20221124,1.066,1.06,1.071,1.057,415891,515800.SH
20221125,1.057,1.062,1.065,1.054,343414,515800.SH
20221128,1.053,1.052,1.053,1.034,398607,515800.SH
20221129,1.054,1.08,1.081,1.054,355780,515800.SH
20221130,1.079,1.079,1.083,1.076,319571,515800.SH
20221201,1.088,1.089,1.104,1.088,376224,515800.SH
20221202,1.092,1.086,1.096,1.085,283212,515800.SH
20221205,1.088,1.104,1.105,1.088,344156,515800.SH
20221206,1.1,1.108,1.114,1.095,322634,515800.SH
20221207,1.116,1.107,1.118,1.103,446731,515800.SH
20221208,1.109,1.105,1.109,1.102,283350,515800.SH
20221209,1.11,1.113,1.117,1.102,309573,515800.SH
20221212,1.115,1.102,1.115,1.101,302637,515800.SH
20221213,1.102,1.099,1.104,1.097,301480,515800.SH
20221214,1.098,1.098,1.104,1.096,381962,515800.SH
20221215,1.1,1.098,1.101,1.094,471974,515800.SH
20221216,1.095,1.099,1.1,1.093,538768,515800.SH
20221219,1.099,1.081,1.102,1.076,526228,515800.SH
20221220,1.081,1.066,1.081,1.06,438499,515800.SH
20221221,1.067,1.064,1.087,1.059,370133,515800.SH
20221222,1.063,1.061,1.074,1.058,437982,515800.SH
20221223,1.056,1.06,1.065,1.055,288587,515800.SH
20221226,1.059,1.065,1.069,1.059,332608,515800.SH
20221227,1.074,1.076,1.078,1.069,224936,515800.SH
20221228,1.075,1.075,1.078,1.07,365252,515800.SH
20221229,1.07,1.071,1.074,1.066,334239,515800.SH
20221230,1.067,1.075,1.078,1.067,714733,515800.SH
20230103,1.08,1.083,1.085,1.066,641715,515800.SH
20230104,1.082,1.082,1.085,1.077,285098,515800.SH
20230105,1.084,1.098,1.1,1.084,394498,515800.SH
20230106,1.098,1.104,1.108,1.098,426575,515800.SH
20230109,1.108,1.111,1.114,1.107,318567,515800.SH
20230110,1.111,1.113,1.116,1.108,575467,515800.SH
20230111,1.113,1.11,1.118,1.109,324549,515800.SH
20230112,1.11,1.112,1.116,1.108,307090,515800.SH
20230113,1.114,1.124,1.125,1.114,665827,515800.SH
20230116,1.122,1.14,1.152,1.122,396665,515800.SH
20230117,1.143,1.141,1.144,1.137,471458,515800.SH
20230118,1.142,1.141,1.145,1.14,318660,515800.SH
20230119,1.142,1.148,1.149,1.135,261743,515800.SH
20230120,1.147,1.155,1.158,1.147,315994,515800.SH
20230130,1.17,1.16,1.176,1.158,335207,515800.SH
20230131,1.161,1.149,1.165,1.148,516644,515800.SH
20230201,1.15,1.162,1.163,1.147,369587,515800.SH
20230202,1.161,1.159,1.166,1.157,311189,515800.SH
20230203,1.159,1.151,1.159,1.14,343634,515800.SH
20230206,1.146,1.139,1.151,1.133,336667,515800.SH
20230207,1.137,1.139,1.142,1.134,318545,515800.SH
20230208,1.141,1.135,1.144,1.133,254553,515800.SH
20230209,1.131,1.15,1.151,1.131,377585,515800.SH
20230210,1.148,1.146,1.15,1.14,272146,515800.SH
20230213,1.139,1.154,1.156,1.139,388600,515800.SH
20230214,1.155,1.157,1.158,1.15,327511,515800.SH
20230215,1.151,1.151,1.159,1.149,322606,515800.SH
20230216,1.151,1.14,1.163,1.134,524322,515800.SH
20230217,1.14,1.125,1.142,1.124,499972,515800.SH
20230220,1.126,1.149,1.15,1.124,406876,515800.SH
20230221,1.149,1.153,1.155,1.145,360400,515800.SH
20230222,1.147,1.144,1.152,1.143,439757,515800.SH
20230223,1.142,1.144,1.154,1.14,391730,515800.SH
20230224,1.141,1.135,1.144,1.13,398992,515800.SH
20230227,1.132,1.131,1.135,1.128,414343,515800.SH
20230228,1.134,1.139,1.141,1.125,471200,515800.SH
20230301,1.138,1.153,1.155,1.137,555844,515800.SH
20230302,1.147,1.149,1.155,1.147,353037,515800.SH
20230303,1.149,1.152,1.155,1.145,376054,515800.SH
20230306,1.153,1.146,1.153,1.141,443372,515800.SH
20230307,1.146,1.13,1.15,1.129,486228,515800.SH
20230308,1.13,1.128,1.13,1.123,377452,515800.SH
20230309,1.129,1.124,1.13,1.119,1086000,515800.SH
20230310,1.124,1.111,1.124,1.108,535359,515800.SH
20230313,1.11,1.12,1.12,1.109,454444,515800.SH
20230314,1.12,1.112,1.12,1.103,601720,515800.SH
20230315,1.114,1.114,1.122,1.114,542725,515800.SH
20230316,1.111,1.103,1.113,1.1,436611,515800.SH
20230317,1.104,1.109,1.12,1.101,544908,515800.SH
20230320,1.111,1.102,1.112,1.1,319151,515800.SH
20230321,1.102,1.115,1.115,1.102,341158,515800.SH
20230322,1.118,1.119,1.123,1.114,272960,515800.SH
20230323,1.115,1.13,1.13,1.115,369561,515800.SH
20230324,1.13,1.128,1.13,1.124,334404,515800.SH
20230327,1.128,1.123,1.128,1.117,313849,515800.SH
20230328,1.118,1.122,1.126,1.118,392608,515800.SH
20230329,1.125,1.12,1.125,1.118,312006,515800.SH
20230330,1.126,1.129,1.13,1.114,448262,515800.SH
20230331,1.13,1.134,1.136,1.129,287849,515800.SH
20230403,1.134,1.145,1.146,1.129,529893,515800.SH
20230404,1.144,1.149,1.15,1.142,475825,515800.SH
20230406,1.149,1.146,1.149,1.142,382445,515800.SH
20230407,1.147,1.153,1.156,1.144,368275,515800.SH
20230410,1.155,1.149,1.157,1.147,434824,515800.SH
20230411,1.145,1.147,1.151,1.144,367137,515800.SH
20230412,1.144,1.149,1.151,1.144,365367,515800.SH
20230413,1.146,1.142,1.147,1.139,436343,515800.SH
20230414,1.138,1.147,1.149,1.138,213041,515800.SH
20230417,1.147,1.162,1.162,1.146,228121,515800.SH
20230418,1.161,1.165,1.166,1.159,257764,515800.SH
20230419,1.165,1.154,1.165,1.152,244104,515800.SH
20230420,1.155,1.151,1.155,1.147,241866,515800.SH
20230421,1.153,1.129,1.153,1.128,351287,515800.SH
20230424,1.129,1.117,1.129,1.11,470280,515800.SH
20230425,1.113,1.105,1.116,1.096,578291,515800.SH
20230426,1.105,1.106,1.111,1.101,303363,515800.SH
20230427,1.106,1.115,1.118,1.103,452460,515800.SH
20230428,1.122,1.127,1.127,1.114,482861,515800.SH
20230504,1.127,1.127,1.127,1.119,330491,515800.SH
20230505,1.126,1.12,1.13,1.116,361841,515800.SH
20230508,1.12,1.133,1.134,1.12,383588,515800.SH
20230509,1.133,1.123,1.14,1.123,402161,515800.SH
20230510,1.124,1.115,1.124,1.113,453693,515800.SH
20230511,1.117,1.114,1.119,1.114,392916,515800.SH
20230512,1.114,1.1,1.117,1.1,450798,515800.SH
20230515,1.1,1.117,1.117,1.096,489955,515800.SH
20230516,1.114,1.11,1.117,1.107,415047,515800.SH
20230517,1.107,1.105,1.111,1.101,397640,515800.SH
20230518,1.107,1.105,1.112,1.1,421338,515800.SH
20230519,1.105,1.103,1.109,1.097,416942,515800.SH
20230522,1.105,1.109,1.113,1.1,452198,515800.SH
20230523,1.11,1.093,1.11,1.093,549374,515800.SH
20230524,1.09,1.082,1.092,1.081,574071,515800.SH
20230525,1.082,1.078,1.082,1.068,557277,515800.SH
20230526,1.078,1.081,1.083,1.07,575136,515800.SH
20230529,1.087,1.078,1.087,1.073,533101,515800.SH
20230530,1.078,1.08,1.08,1.064,558948,515800.SH
20230531,1.078,1.072,1.078,1.065,420218,515800.SH
20230601,1.071,1.073,1.082,1.069,442391,515800.SH
20230602,1.075,1.089,1.09,1.075,402684,515800.SH
20230605,1.089,1.083,1.089,1.079,418566,515800.SH
20230606,1.083,1.072,1.089,1.07,519507,515800.SH
20230607,1.074,1.069,1.076,1.065,469440,515800.SH
20230608,1.07,1.075,1.079,1.065,547756,515800.SH
20230609,1.079,1.08,1.081,1.074,605003,515800.SH
20230612,1.082,1.082,1.087,1.076,522553,515800.SH
20230613,1.082,1.089,1.09,1.081,531908,515800.SH
20230614,1.09,1.089,1.096,1.089,446423,515800.SH
20230615,1.089,1.105,1.105,1.089,390396,515800.SH
20230616,1.101,1.114,1.118,1.101,1140718,515800.SH
20230619,1.114,1.109,1.115,1.107,382508,515800.SH
20230620,1.109,1.105,1.111,1.104,403290,515800.SH
20230621,1.105,1.089,1.105,1.089,693189,515800.SH
20230626,1.08,1.075,1.083,1.071,679497,515800.SH
20230627,1.079,1.083,1.085,1.074,421273,515800.SH
20230628,1.083,1.083,1.084,1.073,379217,515800.SH
20230629,1.085,1.08,1.085,1.077,700532,515800.SH
20230630,1.082,1.087,1.092,1.079,524626,515800.SH
20230703,1.089,1.1,1.104,1.089,288158,515800.SH
20230704,1.1,1.103,1.106,1.098,1428211,515800.SH
20230705,1.102,1.096,1.103,1.093,402445,515800.SH
20230706,1.094,1.088,1.098,1.086,376340,515800.SH
20230707,1.086,1.084,1.089,1.082,311519,515800.SH
20230710,1.085,1.09,1.096,1.085,326169,515800.SH
20230711,1.093,1.097,1.097,1.09,267478,515800.SH
20230712,1.099,1.09,1.099,1.087,295149,515800.SH
20230713,1.094,1.105,1.107,1.094,386760,515800.SH
20230714,1.108,1.108,1.109,1.105,659039,515800.SH
20230717,1.108,1.1,1.108,1.095,358235,515800.SH
20230718,1.101,1.099,1.102,1.095,1076016,515800.SH
20230719,1.095,1.097,1.099,1.09,480894,515800.SH
20230720,1.1,1.088,1.11,1.087,428773,515800.SH
20230721,1.088,1.087,1.095,1.084,365735,515800.SH
20230724,1.089,1.086,1.09,1.081,600591,515800.SH
20230725,1.093,1.114,1.115,1.093,1434261,515800.SH
20230726,1.11,1.11,1.113,1.107,728964,515800.SH
20230727,1.111,1.108,1.115,1.105,574007,515800.SH
20230728,1.105,1.131,1.134,1.104,1023992,515800.SH
20230731,1.131,1.135,1.149,1.131,713861,515800.SH
20230801,1.135,1.133,1.141,1.131,593496,515800.SH
20230802,1.133,1.127,1.138,1.124,995886,515800.SH
20230803,1.127,1.135,1.136,1.125,1034668,515800.SH
20230804,1.145,1.142,1.149,1.136,1236356,515800.SH
20230807,1.139,1.132,1.139,1.129,1193010,515800.SH
20230808,1.132,1.129,1.135,1.124,1996036,515800.SH
20230809,1.129,1.125,1.13,1.124,859509,515800.SH
20230810,1.125,1.126,1.127,1.118,1236409,515800.SH
20230811,1.126,1.102,1.126,1.101,2351918,515800.SH
20230814,1.095,1.097,1.102,1.083,1986340,515800.SH
20230815,1.099,1.091,1.1,1.08,4586353,515800.SH
20230816,1.09,1.084,1.095,1.084,4020036,515800.SH
20230817,1.083,1.088,1.09,1.075,3411095,515800.SH
20230818,1.089,1.075,1.092,1.074,3021660,515800.SH
20230821,1.075,1.061,1.076,1.061,3282980,515800.SH
20230822,1.062,1.067,1.071,1.052,3382551,515800.SH
20230823,1.063,1.049,1.066,1.048,2044556,515800.SH
20230824,1.05,1.056,1.064,1.05,2167779,515800.SH
20230825,1.046,1.049,1.058,1.045,1749809,515800.SH
20230828,1.122,1.061,1.122,1.058,1397950,515800.SH
20230829,1.061,1.075,1.082,1.059,1815655,515800.SH
20230830,1.076,1.077,1.084,1.073,2375869,515800.SH
20230831,1.077,1.07,1.078,1.069,2152422,515800.SH
20230901,1.072,1.075,1.081,1.072,1126926,515800.SH
20230904,1.079,1.091,1.092,1.078,1022909,515800.SH
20230905,1.091,1.085,1.091,1.082,2335105,515800.SH
20230906,1.081,1.082,1.083,1.075,817245,515800.SH
20230907,1.078,1.066,1.078,1.066,1044803,515800.SH
20230908,1.065,1.064,1.067,1.059,1325362,515800.SH
20230911,1.067,1.071,1.077,1.062,7720818,515800.SH
20230912,1.071,1.071,1.075,1.069,1901234,515800.SH
20230913,1.07,1.063,1.073,1.058,9871803,515800.SH
20230914,1.063,1.062,1.065,1.057,11271183,515800.SH
20230915,1.064,1.065,1.075,1.055,4825578,515800.SH
20230918,1.061,1.063,1.068,1.051,2614033,515800.SH
20230919,1.063,1.059,1.063,1.053,1902451,515800.SH
20230920,1.058,1.052,1.058,1.051,1520678,515800.SH
20230921,1.051,1.045,1.054,1.044,2328172,515800.SH
20230922,1.042,1.062,1.063,1.041,1756451,515800.SH
20230925,1.057,1.057,1.061,1.043,1263841,515800.SH
20230926,1.055,1.052,1.058,1.05,1363894,515800.SH
20230927,1.05,1.054,1.06,1.05,1427355,515800.SH
20230928,1.056,1.052,1.056,1.05,928649,515800.SH
20231009,1.05,1.049,1.052,1.039,1175540,515800.SH
20231010,1.048,1.041,1.055,1.041,818061,515800.SH
20231011,1.044,1.044,1.051,1.041,956708,515800.SH
20231012,1.048,1.053,1.055,1.047,957846,515800.SH
20231013,1.046,1.045,1.047,1.041,1552766,515800.SH
20231016,1.045,1.035,1.045,1.031,1197014,515800.SH
20231017,1.033,1.038,1.039,1.033,1587652,515800.SH
20231018,1.037,1.029,1.037,1.027,2545375,515800.SH
20231019,1.024,1.014,1.025,1.012,1721319,515800.SH
20231020,1.009,1.008,1.013,1.005,1159693,515800.SH
20231023,1.005,0.994,1.006,0.989,1121800,515800.SH
20231024,0.998,0.999,1.001,0.99,1129562,515800.SH
20231025,1.011,1.003,1.011,1.002,1111055,515800.SH
20231026,0.999,1.006,1.007,0.996,972977,515800.SH
20231027,1.001,1.021,1.024,1.001,865478,515800.SH
20231030,1.021,1.028,1.029,1.017,2392804,515800.SH
20231031,1.027,1.023,1.027,1.017,1158465,515800.SH
20231101,1.03,1.021,1.03,1.018,1006229,515800.SH
20231102,1.021,1.016,1.028,1.016,1195214,515800.SH
20231103,1.016,1.025,1.027,1.016,797290,515800.SH
20231106,1.027,1.039,1.039,1.027,1431734,515800.SH
20231107,1.035,1.036,1.039,1.031,1230080,515800.SH
20231108,1.032,1.033,1.038,1.029,1233141,515800.SH
20231109,1.033,1.033,1.037,1.031,3239787,515800.SH
20231110,1.027,1.028,1.03,1.023,3242227,515800.SH
20231113,1.028,1.027,1.03,1.022,1558930,515800.SH
20231114,1.029,1.029,1.032,1.025,1758382,515800.SH
20231115,1.037,1.035,1.038,1.032,1158828,515800.SH
20231116,1.035,1.025,1.035,1.025,1253521,515800.SH
20231117,1.022,1.025,1.026,1.02,1089429,515800.SH
20231120,1.025,1.029,1.032,1.022,2589821,515800.SH
20231121,1.028,1.03,1.038,1.027,1293303,515800.SH
20231122,1.024,1.019,1.029,1.019,2761362,515800.SH
20231123,1.018,1.025,1.025,1.015,3796349,515800.SH
20231124,1.024,1.018,1.024,1.016,2694289,515800.SH
20231127,1.014,1.013,1.017,1.008,2578887,515800.SH
20231128,1.012,1.015,1.016,1.009,2682167,515800.SH
20231129,1.014,1.01,1.016,1.006,2088229,515800.SH
20231130,1.01,1.01,1.012,1.005,1006183,515800.SH
20231201,1.01,1.008,1.011,1.001,1085336,515800.SH
20231204,1.009,1.003,1.011,1.002,1444060,515800.SH
20231205,1.003,0.985,1.003,0.985,1248929,515800.SH
20231206,0.984,0.988,0.993,0.982,1336378,515800.SH
20231207,0.988,0.986,0.99,0.98,3552014,515800.SH
20231208,0.989,0.989,0.992,0.985,1473999,515800.SH
20231211,0.987,0.995,0.998,0.976,3711522,515800.SH
20231212,0.994,0.998,0.999,0.993,1051369,515800.SH
20231213,0.998,0.984,0.998,0.983,1202065,515800.SH
20231214,0.989,0.979,0.991,0.979,1046240,515800.SH
20231215,0.982,0.978,0.987,0.975,1162198,515800.SH
20231218,0.976,0.972,0.979,0.969,1320543,515800.SH
20231219,0.972,0.972,0.975,0.965,2306667,515800.SH
20231220,0.972,0.962,0.974,0.962,4844607,515800.SH
20231221,0.961,0.969,0.972,0.958,1468414,515800.SH
20231222,0.968,0.969,0.976,0.964,3274486,515800.SH
20231225,0.969,0.972,0.972,0.967,1351408,515800.SH
20231226,0.971,0.965,0.971,0.962,1627409,515800.SH
20231227,0.966,0.968,0.97,0.961,1642754,515800.SH
20231228,0.968,0.984,0.991,0.967,5898034,515800.SH
20231229,0.987,0.992,0.993,0.984,1753226,515800.SH
20240102,0.988,0.983,0.991,0.982,1580216,515800.SH
20240103,0.982,0.981,0.985,0.976,2131283,515800.SH
20240104,0.979,0.972,0.979,0.968,1965731,515800.SH
20240105,0.971,0.967,0.979,0.962,1585126,515800.SH
20240108,0.966,0.953,0.967,0.953,1547582,515800.SH
20240109,0.957,0.957,0.959,0.951,2779006,515800.SH
20240110,0.956,0.952,0.961,0.948,1277891,515800.SH
20240111,0.952,0.958,0.962,0.95,1118282,515800.SH
20240112,0.958,0.956,0.963,0.953,1248123,515800.SH
20240115,0.951,0.955,0.962,0.949,1722591,515800.SH
20240116,0.953,0.958,0.959,0.947,1765097,515800.SH
20240117,0.956,0.938,0.956,0.937,1500543,515800.SH
20240118,0.935,0.951,0.962,0.923,2409991,515800.SH
20240119,0.947,0.946,0.951,0.938,1868448,515800.SH
20240122,0.943,0.93,0.945,0.92,2246972,515800.SH
20240123,0.927,0.929,0.936,0.918,1511637,515800.SH
20240124,0.934,0.942,0.945,0.918,2596173,515800.SH
20240125,0.942,0.96,0.961,0.94,1835673,515800.SH
20240126,0.96,0.956,0.962,0.953,2157342,515800.SH
20240129,0.955,0.947,0.96,0.946,1388975,515800.SH
20240130,0.941,0.933,0.946,0.931,1830273,515800.SH
20240131,0.933,0.921,0.934,0.92,2356536,515800.SH
20240201,0.918,0.92,0.93,0.914,2136309,515800.SH
20240202,0.921,0.909,0.926,0.888,2095481,515800.SH
20240205,0.907,0.912,0.919,0.884,3077499,515800.SH
20240206,0.906,0.942,0.945,0.901,3149723,515800.SH
20240207,0.944,0.962,0.963,0.937,3774071,515800.SH
20240208,0.968,0.966,0.976,0.959,3619920,515800.SH
20240219,0.972,0.975,0.975,0.966,2347165,515800.SH
20240220,0.971,0.976,0.978,0.967,2379471,515800.SH
20240221,0.972,0.983,0.998,0.97,1611994,515800.SH
20240222,0.986,0.991,0.992,0.982,1155125,515800.SH
20240223,0.996,0.993,0.996,0.988,1486328,515800.SH
20240226,0.989,0.987,0.994,0.985,5112520,515800.SH
20240227,0.986,0.999,1.0,0.98,1446485,515800.SH
20240228,1.004,0.986,1.007,0.985,1441118,515800.SH
20240229,0.986,1.003,1.005,0.985,4796709,515800.SH
20240301,1.004,1.009,1.012,1.0,4350791,515800.SH
20240304,1.01,1.011,1.012,1.003,2589106,515800.SH
20240305,1.01,1.014,1.015,1.003,1790925,515800.SH
20240306,1.012,1.012,1.018,1.007,1419259,515800.SH
20240307,1.009,1.004,1.016,1.002,1648529,515800.SH
20240308,1.004,1.01,1.014,1.001,2376302,515800.SH
20240311,1.01,1.023,1.023,1.008,3622062,515800.SH
20240312,1.025,1.023,1.027,1.018,1176417,515800.SH
20240313,1.022,1.018,1.024,1.015,2070675,515800.SH
20240314,1.015,1.014,1.024,1.01,973215,515800.SH
20240315,1.013,1.02,1.02,1.008,1041571,515800.SH
20240318,1.021,1.028,1.029,1.018,1375030,515800.SH
20240319,1.028,1.022,1.03,1.022,1492160,515800.SH
20240320,1.02,1.024,1.032,1.02,1137881,515800.SH
20240321,1.024,1.021,1.027,1.02,1548492,515800.SH
20240322,1.021,1.012,1.021,1.006,1295786,515800.SH
20240325,1.012,1.005,1.017,1.004,1023409,515800.SH
20240326,1.004,1.008,1.009,1.002,1345045,515800.SH
20240327,1.007,0.995,1.007,0.995,990416,515800.SH
20240328,0.995,1.0,1.009,0.993,1138543,515800.SH
20240329,1.007,1.007,1.007,0.999,1983065,515800.SH
20240401,1.01,1.021,1.023,1.009,1749132,515800.SH
20240402,1.02,1.019,1.022,1.016,2160973,515800.SH
20240403,1.014,1.017,1.019,1.013,1855793,515800.SH
20240408,1.014,1.007,1.016,1.006,1066783,515800.SH
20240409,1.005,1.008,1.009,1.003,1034703,515800.SH
20240410,1.007,1.0,1.007,0.995,1342548,515800.SH
20240411,0.997,1.002,1.006,0.995,948756,515800.SH
20240412,1.002,0.993,1.003,0.993,905593,515800.SH
20240415,0.995,1.01,1.013,0.992,1033280,515800.SH
20240416,1.008,0.999,1.009,0.997,1163041,515800.SH
20240417,1.0,1.014,1.014,0.997,996447,515800.SH
20240418,1.016,1.015,1.023,1.009,1757206,515800.SH
20240419,1.012,1.009,1.014,1.005,957251,515800.SH
20240422,1.008,1.005,1.012,1.004,809460,515800.SH
20240423,1.006,0.997,1.006,0.995,963212,515800.SH
20240424,0.993,1.002,1.004,0.993,1060257,515800.SH
20240425,0.997,1.004,1.008,0.997,846157,515800.SH
20240426,1.001,1.019,1.021,1.001,802108,515800.SH
20240429,1.018,1.032,1.036,1.018,1670118,515800.SH
20240430,1.037,1.027,1.037,1.027,854740,515800.SH
20240506,1.038,1.041,1.043,1.037,1071796,515800.SH
20240507,1.037,1.04,1.042,1.037,1037370,515800.SH
20240508,1.036,1.032,1.037,1.031,1131678,515800.SH
20240509,1.028,1.041,1.043,1.028,1299516,515800.SH
20240510,1.045,1.042,1.045,1.036,1130304,515800.SH
20240513,1.039,1.04,1.043,1.031,1320812,515800.SH
20240514,1.041,1.038,1.043,1.037,1613080,515800.SH
20240515,1.039,1.03,1.039,1.029,1984344,515800.SH
20240516,1.03,1.033,1.038,1.03,1033948,515800.SH
20240517,1.032,1.044,1.044,1.03,1020247,515800.SH
20240520,1.044,1.048,1.05,1.043,1977141,515800.SH
20240521,1.047,1.046,1.047,1.043,80824,515800.SH
20240522,1.043,1.042,1.044,1.041,76357,515800.SH
20240523,1.044,1.034,1.044,1.03,1096656,515800.SH
20240524,1.034,1.022,1.036,1.021,5465015,515800.SH
20240527,1.023,1.025,1.026,1.023,543131,515800.SH
20240528,1.034,1.028,1.034,1.028,37677,515800.SH
