date,beta,book_to_price,comovement,dividend_yield,earnings_quality,earnings_variability,earnings_yield,growth,investment_quality,leverage,liquidity,longterm_reversal,mid_cap,momentum,profitability,residual_volatility,size,交通运输,传媒,公用事业,农林牧渔,医药生物,商贸零售,国防军工,基础化工,家用电器,建筑材料,建筑装饰,房地产,有色金属,机械设备,汽车,煤炭,环保,电力设备,电子,石油石化,社会服务,纺织服饰,综合,美容护理,计算机,轻工制造,通信,钢铁,银行,非银金融,食品饮料
2024-02-28,-0.0042651564300327785,0.0001917782671166332,-0.034448230445648785,0.0006186240877703121,0.00041363607982205375,0.001040364948499535,0.0016948552710390767,-0.0015859115709725925,0.0020091843438811473,0.002197755827605864,-0.0007145777693707981,-0.0012853392050589357,0.004211751213579788,-0.0009410099967388325,0.0008819665758357363,-0.007205501202773206,0.013272437165016889,0.0009567202899326578,-0.0007513190547120251,0.009581119102420349,0.011021244238969306,0.008520102632614445,-0.006785332388377982,-0.006088873985674713,0.004036189922084198,-0.007179620108080565,0.005984325483440864,0.0076973872617611076,0.0008916006050674496,0.005475016094861332,-0.0035666944715880933,-0.01379999312536111,0.006005780752915319,0.0014055132297719562,0.0067377630067182335,-0.013407769639093237,-0.0019717790045043876,0.009453914401098128,0.002261627661001591,0.00874315683565993,0.007368834204278907,-0.009193252736381123,0.001810315687352701,-0.013890508942627909,0.011656977801504624,-0.00511334365132266,0.010943423315660457,0.0027458508991704145
2024-02-29,0.006731208109506187,-0.0009427483592698839,0.02956912694917983,-0.0006248426174184999,-0.0009333488382924667,0.0015374847486867016,-0.001941795974187265,-4.587766346502877e-05,0.00042830372327868775,-2.2197367496623164e-05,0.0029797091476011146,0.0005947750188276048,-0.0005377417301728441,0.0006958641465628509,0.0022886705486036096,0.0006718371990393485,-0.0004077930497831881,-0.0030083102276460476,-0.004696809203527706,-0.0011610890711045603,-0.007886571553702941,-0.007263813717032316,-0.003109592662253125,0.007048140549803907,0.0013904817768128058,0.0025482518218896367,-0.001389411079039024,0.0003267378274560061,-0.005726749297169511,-0.002975337243718496,0.007447440891611223,0.007720988129955239,-0.00966567960656871,0.0026448337102710994,0.0010782920436680807,0.012447255244984707,-0.002236265423650653,-0.00854559986426693,-0.0023124772415311864,-0.003889805966697664,0.004622770309535221,0.0020085651206433607,-0.004633566404296652,0.004700314384659841,-0.0037766623527615336,0.00271099102091089,-0.004415408536411599,-0.00830501599183746
2024-03-01,0.00604952063873755,-0.00026134909249734027,0.007812140879858004,0.00020787991609990026,0.00036964859268254197,-0.0028534025524295397,-0.0006101139657046999,0.001043584499360401,-7.64988784302428e-05,-0.0003983533506835168,0.0030450442814912186,0.0007273560435918633,-0.0017302176972965938,0.0006874043267529921,0.0012921197981197164,-0.0017428782834715782,0.00036087265454496276,-0.008365560682415457,0.0038028313409453293,-0.003610293273070481,-0.013401979187142995,-0.00694170556572308,-0.000797859638645729,0.0067491426983264284,-0.001485775765981439,0.0035185605568540486,-0.0031999849744825605,-0.005995212421396685,-0.007734184472571305,-0.002307400630189587,0.0025663299489669393,-0.005022541965834271,0.012562815833650268,0.0023333992712716183,0.0017406294587397537,0.011501951212030058,9.464814441077099e-05,-0.006289636515718561,-0.003822305411405794,-0.003688464516398363,-0.011288624732417856,0.013100017618795971,-0.007984273922581187,0.01040023149042005,-0.0057758242182267905,0.004099627712224771,-0.0069509457890994655,-0.007931002327775508
2024-03-04,0.0011086848502266703,-0.0018095295228124138,0.0017940640709779474,0.0008724644804220625,0.0007534854980324291,-0.002171330543470177,0.0013403110615703828,0.0007239754515981654,-0.0012405871658727984,0.00019061509970085607,0.002904705949460654,-0.0007688130347630858,0.0016846889198186027,0.006616005198390234,-0.0006991843563783058,0.0027317195934302265,0.0031552599912362165,-0.0006993211372094839,0.0021232249921585523,0.010412568562498547,-0.0032786818677191117,0.016834274393040763,-0.002036653598429104,-0.001907914734080623,-0.003457594578160039,0.009993748811531648,-0.00589028624784684,-0.007636532021027057,-0.018522728629360687,0.004254250842223171,-0.0006180231064527256,-0.01124276185328539,0.005989086104135342,-0.0027142668919164933,0.0039177609179343814,0.007084573176461677,0.011828678743505978,-0.0020903189874244992,0.004387234636406409,-0.004765026356971284,0.004568496077319757,0.0013102308539350341,-0.003162248715196293,0.006726346745356095,-0.005155348956426269,-0.011528222652753304,-0.016311376205313196,-0.0036258779848128133
2024-03-05,-0.00429785467454238,-0.0012637796663818824,-0.006067280203955566,0.0007745141420990297,0.001022742716342362,-0.001723505305789146,0.0003876620673958059,-0.000835437912408099,-0.0015748887037076921,-5.393477496731e-06,0.0007838468581714695,0.00014105821700714986,0.0023243552205590113,0.0027316815141857475,-0.00048556474968349417,-0.0014526841204468633,0.005753516026859273,-0.0042454594422538195,0.0035766078006213126,0.00021351772649426843,0.002238550943659559,-0.0074824885896065865,-0.005760590633768004,0.017048717733032126,-0.00012899089412492503,-0.005707015872682866,-0.0013918154454545665,0.0022215578989496928,0.0018014677953436592,0.006066071924217829,-0.000857620851609402,0.009995966962345202,-0.011462477444484965,-0.006376617619786553,-0.004114829390768978,0.005573488314090344,-0.009315603766356172,0.0029807844950630433,0.0003757268018572546,-0.0010714593717096673,-0.006037160978115358,0.0038154193168802144,-0.005386288882466359,-0.003109110788434224,-0.0018988711204914644,0.0040086350669091934,-0.006569126767608439,0.003981608184300983
2024-03-06,4.271264990422105e-05,-0.0009291481895633214,0.001985604561604541,0.00016909194737698744,-7.922805590360926e-05,-0.0002522362659995533,0.0007585355212459873,-0.0006682737493355701,-0.00013179767748178293,0.0003949290423110941,0.002780469082887882,-0.000433538854191653,-0.003149848296132208,0.0003721036680882773,-0.0012443112397095837,-0.0008120246910780973,-0.00446879533820705,-0.002902622655243282,-0.017943499764521236,0.011037421321487351,-0.006932033693799245,-0.008554191152756201,-0.0018504673639463812,-0.00248558359331843,0.0018591235758293066,0.003033571402716251,-0.0009369818898310485,-0.002585995989997285,-0.007825873028305752,0.003346733766180358,0.013170763307139016,0.0011030406939804042,0.007591506085909231,0.003878717471109752,0.022113970831747307,-0.005107346387209918,0.005391928729319517,-0.003941073335154777,0.004221393251520814,0.0010416942196783351,0.003316124779346832,-0.007359655471301077,0.002966868514196854,-0.0016839286272410758,0.008022516932877075,-0.004618288065264146,0.00011569359209051441,-0.00872641912886483
2024-03-07,-0.0027000274629757864,0.0010826294718151357,-0.009281447494410611,0.0008203583743516644,3.0256126555378214e-05,0.000787187608256992,0.00011875630777124078,-0.0012053460969264494,0.0020677643442557473,0.0015297321525262635,-0.0029152652253220195,-0.0008312891133821866,-0.004051900627479281,0.0026661912993058584,8.559226950597246e-05,-0.004083249710778989,-0.00572465809923159,-0.0012268021802997531,-0.009420997201594698,0.003287150587590487,0.0031535943740653503,-0.014411315253544396,0.0006149930478180263,-0.0094879869102196,0.003105088842444323,0.0010441843128856665,0.0014948461868489434,-0.0014556926680717557,-0.0035993805040100612,0.03067707950100478,0.012611943178470433,0.00046837915171181693,0.004504472495055266,0.00038913144655754574,-0.004286698461881297,-0.0003793660134218583,0.008235609896882724,0.014161627713119098,-0.0009320378781870943,0.005913776405506283,-0.0005023962825856848,-0.005486609204722229,0.0002170806603700853,-0.00705604028913303,0.02033447994365618,-0.0024909868777189463,-0.0032084386376047417,0.00414567894604991
2024-03-08,0.002898381167243037,0.0003332901242751599,0.0085779387135315,0.0003585674122513231,-0.0003458426754399769,-0.0023112976614504416,0.0014094381725566075,-0.00038072557760455994,-0.0006448169707378185,0.0008387174579184752,0.0017927480136014254,1.8074933898018363e-05,0.0006928667436782266,0.002325095362637334,0.00038699226930738576,0.0031014320819545632,0.001840688165703425,-0.0014213062051895873,0.0012956375308385204,0.0028155108198825098,-0.0065202544973294255,0.0016730311374491076,-0.008537939180233123,0.013210903185458025,-0.00026597554471663367,-0.0026106776692782297,-0.002249786728067751,0.000607187891505944,-0.011202456542656317,-0.0011219521866161753,-0.0008426368146275136,-0.007402197094722572,-0.016556645062080145,-0.0008735131113649952,0.00860294723758114,0.015350298049910923,0.006418106058789967,-0.01895585405306761,0.002794127718503788,-0.00648777110070067,-0.006280932485918898,0.003097597945831007,-0.0005721705380280856,0.02252176557684912,-0.004065652619574288,-0.007896073092580426,-0.008116125972112474,-0.00963534152704211
2024-03-11,0.002620322696422002,-0.0008817632992336721,0.015179281741649462,-0.0006781645971116566,-0.0008196757733812411,0.002645995154476608,-0.0014022969706757088,0.00033677443530300477,-0.001079228305978206,0.0018155002098267901,0.0006842135174059975,-0.0005596201304156804,7.020953186779573e-05,-0.004981491044289609,0.0009498342416504206,0.000852023181709934,-0.0005377446344307198,-0.0018560380177959363,-0.0010443716519220843,0.0008709722141646757,-2.9470071529478257e-05,0.006050168967990488,0.00338544335642068,-0.006090464382495529,-0.0011263232015972695,-0.004247158622490257,0.003000028432545144,0.0013541842046380487,0.006419147498479272,-0.005272778439466811,-0.010740007117480252,0.005165299784872267,-0.026330030953001873,0.003907813694518542,0.021138463443596944,-0.011068203424819657,-0.015617530648490004,-0.003972625404483708,-0.0017193983325694499,-0.0018001533876865177,0.008989866733312951,-0.005693229725890096,0.0019533882993231205,-0.009951191013889488,-0.007300140919451159,0.004778511610611634,0.004655753852871921,0.010441518762752181
2024-03-12,0.00031496957326928237,-0.001177705506123935,0.004327134867001317,-0.0015762528481872492,0.0002960795604919309,0.001592644599644511,-0.0011375747976560104,-0.0006254746825190003,-0.0001417700866013562,-0.0010325418487456303,0.000604981680665453,-0.00029169029009168407,-0.0024083475901746105,-0.007652565723124456,0.0019397028842977086,-0.0017849546185215105,-0.003977433879958851,0.003936849890882764,-7.184348652220445e-05,-0.01919821177964997,0.006905199667384283,0.006196454592331637,0.005486960151022455,0.004142692470244107,-0.0029209442511327196,0.0016380758411725551,0.007107724122471699,0.001998328266865216,0.03291103817780305,-0.021905726252705534,-0.006146262120642309,0.011928010403488423,-0.017103354290598283,-0.00348322035163063,-0.01568902309516977,-0.007669247686807723,-0.010444326582529589,0.007977429681231546,0.0008024417396424097,0.001852039178604059,0.00753350224974935,-0.004755100961246988,0.014950745423534527,-0.010088292481433237,-0.013294479840375082,0.007141734756420668,0.00828029320002333,0.024300713557752124
2024-03-13,0.0033060202767693945,-0.00021457857329688302,-0.0011928416127972724,-0.0005015446172848626,0.0005821198760227908,-0.0014929899313125175,-0.0011995685364851838,0.0017107594158757482,-0.000711058021263059,0.00045230010443401785,-0.0013638517458474532,-0.0008754878468737029,0.0007116682966335772,0.001784938005181051,0.00025912426366914273,0.0009607070558371401,-0.002310442311517049,0.0013584370429135205,0.028558984762556187,0.008233804898244629,-0.010043823476766094,-0.0011572558970554705,-0.0011299450905899661,0.0029808204651707855,-0.003379726707374466,0.0022269129248745174,-0.007670913623875437,-0.004996361795100332,-0.020199280970091486,0.006304436731903864,-0.0034410211920431156,0.007147582789131301,0.0025804909484121114,-0.004222160353464856,-0.004425751683054874,-0.0005348961345973141,0.0029096658891257345,0.001228945451030075,-0.00011307144690521462,-0.00962187657194846,-0.0015333920320811803,0.006510615676976786,-0.001274870653423002,0.0045622999015219184,0.003132839367953441,0.003919885355996823,-0.011466317756711494,-0.005054496396090671
2024-03-14,-0.0006619661637829214,0.0009943820930873835,-0.004419157114772799,-0.0003776084237705086,0.0006147654157864837,0.00044668827956349626,0.0006167656071618571,-0.0011613401876683902,0.00037876646832702527,-0.000817015749424824,-0.001117881469384754,-0.0013776761903824904,-0.0013834937501742146,0.0033991306438626682,-0.0025182522689954196,0.0003644255745184215,-0.0009102220961715994,0.005459364785977637,-0.01878637803101904,0.00040974234498443137,-0.004611448995545009,0.011881375323696612,0.0021795050851325763,-0.012453922929467334,-0.00012509706652012124,0.00847913920850773,0.0020608038832193466,0.003486780532170479,0.008214753036435266,0.014805018984478873,0.0004019959302860212,0.00019530811533898017,0.006387376074629197,0.012057650031241115,-0.0034329472847652266,-0.008442860480184035,0.007297959638373798,0.002552135067556369,0.0051364975983102905,0.0034155792805354154,-0.00024006684837096564,-0.006627420581913632,0.0036547741878357395,-0.001193500155535386,-0.0015899131200947233,-0.004488162732505225,-0.005286276877718269,0.002575472314044163
2024-03-15,0.0033057836877879816,0.0004237884034504928,0.00960362053461375,2.9123803442196998e-05,-0.00017245586749254854,-0.0005210075575034143,-0.002251271087393429,0.0004375834976303822,0.0011706807497471614,0.0001471308418913411,-0.0013726041335767848,0.001375332472554086,-0.0019334691399151389,0.0028505294003769435,-0.000925161617573632,0.0008148367455595735,-0.0036880193676206347,-0.0019805313994913265,-0.011480177754480188,0.002521462867637464,0.0026643699137144047,-0.005751159560953072,0.00217231083298178,-0.0009307675197925301,0.006174653661724525,-0.003637338899809902,-0.003988036686528534,-0.005166532708164991,-0.00883343674664771,0.02496389823532214,0.002178141511958096,0.0047844161521918074,-0.011603038757641551,0.009474744373934068,-0.006875589996666733,-0.0012587083380321208,0.0009523701203219699,-0.01023018929260769,0.0005574685667706131,0.004633991227967842,-0.006134199380769357,-0.006655204207207549,-0.002337149257744819,0.004438521042069958,0.010947608564272916,0.006031057643525066,-0.0030098770784192765,0.0016249205208667067
2024-03-18,0.0024359478052640732,0.0006605893243754276,0.014103680133289194,-0.0005283336729177319,0.0012669913054474955,-0.001368891358801857,0.0002082530421546625,0.0011298060883458336,-0.0017300676773994125,-0.00021369095873786375,0.0006499978975940434,0.0009631162455834651,-0.0024668906818876694,-0.000593394509175254,-0.00036874420618312933,0.004725943047848024,-0.00022570709399619547,0.002609726935628037,0.008806208413913268,0.0005521518589946031,0.0005881105163533212,0.0031646667022391297,-0.0017456657101608316,0.009370381504079464,-0.0002540472840640037,-0.012606130797456825,-0.006392414944814848,0.004443550449386624,-0.01261792924907212,-0.00571216933641322,0.000504051519965502,0.00505601217863967,-0.017256703183060756,-0.0036270761381610546,0.003610055195068193,0.007267483856346723,-0.002697753926705963,0.0067019258041452374,-0.007118357481831619,0.0022767983186430833,-0.006645705300907586,0.0006107858227840706,-0.003646417105269947,-0.00160007830341792,-0.012588075390750086,-0.005383808521277627,0.007827350473052995,-0.0063941106459796835
2024-03-19,-0.0012588027591525633,-0.0001306611149939162,-0.005956855096829405,0.0003579875690174843,0.000442814414163918,-0.0004438008699313172,-0.00011154298809496225,0.0001548133419776741,5.998133205656116e-05,0.0006967823702488608,-0.001137678135113621,-2.478946336040973e-05,-0.0014102413384803323,-0.0016731844424466538,0.0009411785156612037,0.0006946172411155566,-0.0030757602524845635,-0.005731271037028346,0.0014819845409205687,-0.0038029222272575615,0.017559073962910537,-0.007000148999161418,-0.005202822169578341,0.005572336789961725,0.0003221543777336641,0.0003573847667946326,-0.0037226710762191455,-0.00493139093890282,-0.004286014164905416,0.004314061630840141,-0.005713092003289819,-0.004017293704968236,0.015816934426654876,-0.008778855674946061,-0.0038948849357152435,0.005111076156135271,0.0017029620280592632,-0.004137878701069807,-0.005953871304407536,0.009513229642647702,0.004065878268518585,0.004426155475566561,-0.0005274315847572232,0.010954910910463697,0.009898351188454915,-0.0015248289624427934,-0.009373971981304614,0.009736735339668892
2024-03-20,-0.0009696548647901922,0.0004963893393199808,0.006174772725717575,0.0004469958584891771,0.0011953141174296973,0.0001731813365777753,0.0005827798433999768,0.00041614454254520296,0.00039829398901850357,0.00015761240340484204,-0.00043753607906238097,0.00031281349024387664,-0.0002394449092220061,-0.0021256706940010646,-0.0009339316958394221,0.0037481547366686636,-0.002553819187411341,0.005882933820979294,0.027964753844137814,-0.0021520844235284574,-0.0002015375037097512,-0.0010746017847322491,0.0019170534464117439,-0.0019058813602845298,-0.0029409636620664065,-0.004405233879226558,-0.0035323983001530825,-0.0007965670945648675,-0.007432077870165684,-0.00439276536138791,-0.0033310393557505606,-0.0011990717963652384,-0.001412448873315596,-0.005397557595321133,-0.0035010293029304304,-0.0023700746244073316,0.007052615203582492,0.009196587653530779,-0.006141739632753948,0.00038313577025342587,0.00033743622351007637,0.011605321278652254,-0.0009560105614646591,-0.0017991714808952707,-0.01063531193003366,0.004699724285947642,-0.000358339658856256,-0.005227909441696256
2024-03-21,-0.0017016368202193257,0.0008317498507330774,-0.0006597209991841985,-3.7657587973663744e-05,0.000828693752357519,0.0011164232499625837,0.00018282883285421306,0.0003124545998865748,0.00047564885363620844,-0.00045404787112605477,0.0015878066575048082,-0.00044293222296293137,-0.0009494275708242464,0.0003716685787988313,-0.0023276953323021613,-0.0005953245072566868,-0.002299401559079605,-0.002825709979075853,0.012534853755830482,-0.005021967169840766,0.02176134040298615,-0.007635113829729995,0.0009677536238546665,0.007662902558369549,-0.0027016805906171395,-0.009212083233657492,-0.006339588869537396,-0.003019238213157414,0.0030485776369231178,0.006078492609244115,-0.0014044239417749585,0.0023134726000110114,-0.0060778578804289414,-0.005677322053543711,-0.006591507040696847,-0.0024285445660734294,-0.0018490438810410037,0.009359104092917644,0.0003929919353986683,0.0017511068823977806,-0.00825880510819168,0.0007459050848843653,-0.0010702013398094976,-0.0013134755744958974,-0.0009449808875482343,0.004892860892474381,0.0032162012213831476,0.007109486889734701
2024-03-22,-0.0012641532330685459,-0.0003124704024239063,-0.012671498167198317,-0.0006629465340990175,0.00022622880925997354,-0.0003810820311442029,-0.0011405413490769736,0.0002368022447833932,-0.0008266817608075309,-0.0007723337472905485,-9.521198734770129e-05,-0.0002714103145926857,0.00021349038526001794,0.005167236449823956,-0.0004594958145205875,-0.0009607382230202047,-0.00047008249048692845,-0.0036293345557804812,0.03603939923878224,0.0021989415180210044,-0.008410061512253037,-0.007373668324460895,0.0026888371239878134,-0.004179461207310276,0.0007846919564952543,0.007265008338839214,-0.002091236810188874,-0.003391586976425731,0.0034898379879260023,-0.010337049106728745,-0.00183660111352603,-2.8128782799615526e-05,0.005568926402841562,-6.63891891811999e-05,-0.002700500176108561,0.006812764394329833,-0.005918397418178804,-4.250748210489911e-06,-0.000212454855839801,-0.0009133843265798042,-0.0020293258585206693,0.005901517421497837,0.005785009534396888,0.015896832775703595,-0.0004020837660512251,0.004268116842444969,-0.007961685405859271,-0.007889582719941642
2024-03-25,-0.0022643565326804097,-0.00017332068722032137,-0.01604324615552003,-0.0002338151723391217,0.00044635480359121195,0.000488511553487572,0.0026553068460296128,-0.001650385543670754,-0.0008906943206524546,0.0013602520042686188,-0.0009927015334487844,-0.0005153264991835914,-0.0024443184553319675,0.0035974728881655047,-0.00045324230067778147,-0.005597708351034654,0.0020748317812698497,0.0037206340982627564,-0.02312615124443796,0.0038787242777565734,-0.0028643461955594617,0.000705474535540193,-0.0027264057801526472,-0.005612050832982648,0.003984013863411139,0.006660717672894894,0.017827666493214715,0.003849451516197732,0.019732054980281577,0.014837266227069481,0.0005275911281694888,0.0007008770565837629,-0.005235679339081703,0.005044748897524997,0.0031094323357400365,-0.007831040064472801,0.013664989282491134,-0.001427864377431033,0.00593343929216785,0.0021033334817976415,0.006844254015585235,-0.0016071308020288813,0.01545131436259928,-0.003247014964050005,0.008695381316677861,-0.0024923589054575267,-0.01590897910866468,0.0008481873145080462
2024-03-26,-0.0019479339300447595,0.0005072939564830448,0.0012201136750236321,-0.000895217115969467,-0.0009012052922088469,-0.0002645636217322808,0.0021534150265579283,-0.0005072504966657634,4.334455950891206e-05,0.001424246548622475,-9.623866561670049e-05,-0.0005151392843558957,-0.00219409895535131,-0.002257979275199946,0.0002424061165859037,-0.0018733987711710457,-0.0013864067094011465,-0.0018650329194593506,-0.018974195046174883,0.002087548064496414,0.006198902821439239,-0.004039859752163223,-0.0015874789477976492,-0.00587076473236091,0.003710170610030319,0.00037667048614665766,0.005916922922219815,-0.0030260642339842592,0.014593338806136093,-0.0021259407070347387,-0.00326179427509437,0.013478941691927983,-0.021510221048126853,0.009370322298404378,0.01393087115841514,-0.005151048119448639,-0.007251639514186267,-0.0018272733070307475,0.0030286541564630803,-0.0030099435689911413,-0.00011525936087295142,-0.017385008039681495,0.00044733474421549817,-0.015533969220657055,-0.004356469187560311,0.00467396070478462,0.003548745362386881,0.011611113212996278
2024-03-27,-0.005314590215614776,0.001695203436483311,-0.023432680784921996,-0.000686129166488213,0.0004330141197628385,0.0010592399965535237,0.0016428722547736927,-0.0002794651980783317,0.0006217127768196742,0.0003622788723207187,-0.005247679275821181,-0.0008277179495108149,-0.0036418809168611917,0.0033160379064958168,0.0005315921179016119,-0.002594443280641681,-0.0006736385646683652,0.000803536238142663,0.0008994165706788799,-0.0004451670641647477,0.008342515143097586,0.014438855668799329,0.0002451433318770388,-0.008006543930971482,0.002388576465732378,0.008213661809458777,-0.00609612091148362,-0.0031225031819133785,-0.005200229886411778,0.003967762652568899,-0.002418224086764781,-0.0066775251587786215,0.0010539964503364697,-0.0027787718344094168,-0.005374750279138475,-0.00715550700729895,-0.0024880379147214867,0.004348801846213573,0.007266388942880219,-0.009634158275755202,0.005736366149649646,-0.008850942826008916,0.004134954925721102,-0.008837121855439924,0.0017846118685256682,0.0007445523874377662,-0.0030429240842455223,0.01100806242191765
2024-03-28,0.0041059479992626375,0.00016258873519853874,0.013275674468493157,0.0006139517897840812,-4.0288704441487975e-05,-0.0025088963767595203,-0.0013852249162380733,-0.00025632606870950176,0.002515538086706382,-0.0005761696398762738,0.002648874848463603,0.001071894968964486,-0.0005756904058036958,-0.0008719599609282093,-0.0005313827694267281,0.003966871918963039,-0.0006749763767214869,0.002932398030037674,0.0023467283176091427,0.0015235620636382208,-0.009985180901662791,-0.006800491998082368,-0.00188424626881904,0.029771544250868223,-0.00031783320318656816,0.010393266278330034,-0.00897619081693515,0.001977578315682242,-0.012177810603173455,0.008672191291167147,0.005671497273882476,0.002908463780044404,0.0019756637663954075,-0.0009770548069422329,-0.0032859599391917224,0.0063835276325893715,0.007132524491969405,0.0032892795887695695,-0.004951267846959058,0.001461811152395812,-0.0071006076087775346,0.012186111249156554,0.0017043857987672814,0.013305887761797568,-0.005067093840060197,-0.013448439702327548,-0.004297833623668124,-0.009329826223980753
2024-03-29,0.0013608346534554744,-0.00021028628221916824,0.010073636328503634,-0.0002171723776451057,-0.00017500930934677384,-0.0010184693244535213,0.0010427150528089383,4.4317201864502425e-06,3.152604911039938e-05,0.0004512868167359189,-0.0025982677082870623,0.0005738271033381525,-0.001949671797047696,0.004417854977560242,-0.00016816247924420933,-0.0029731591428502034,-0.00579482603195566,-0.0004737860615013139,-0.022522998830184743,0.002386452418690206,0.011901684149262015,-0.007406694138755485,-0.0024580895894345846,0.010554868275093504,0.0019615714481586565,-0.007333625228571836,-0.0073966857900783604,0.002887073569649486,-0.018872656260966663,0.02098315900673937,0.0029161919454928206,-0.002399558788198398,0.006942067450720236,0.00647004382452519,0.004344397030314041,0.0032965206822295184,0.02894383109022881,0.0023837960064889327,0.004538009245758619,0.003594228953832172,-0.0003495573566870314,-0.00988893935440774,-0.011398385863383372,0.009743995453190088,0.0012162915276810577,-0.010124478529235252,-0.003841994409535764,-0.0043086605996945845
2024-04-01,0.004569774268571075,0.0006615913843655371,0.01843004384286066,-0.00025865249429357087,0.00034617091316142313,0.0008179546869896136,0.0008934446059695037,-0.000396971221536144,-0.0015938936444709676,0.00047151306256466787,0.000886653330813488,0.00046591053817456187,-0.0001269002571923743,-0.003424647949161614,0.0005208323753822119,-0.001238011141819431,0.0004918298349189543,-0.002305315634110635,0.009557727046135106,-0.010331885509259123,0.008675013097710719,0.0005322743290047494,0.004179495207741412,-0.012531072803429723,0.005599086094118828,0.006303637014835662,0.009040650166672123,0.002052225297664665,-0.0060948965258952395,0.0018180996601026098,0.000515257198715838,0.007682628220951616,-0.015179322002172238,0.0028512469426463815,0.0026700167081259796,-0.0012661003190550012,-0.011246157616767493,0.0038555946479640916,0.001988853517717205,-0.0007053101963149285,0.0002390096897851796,-0.0010798202730488145,0.006381157135260532,-0.0063641500843308225,-0.0024594936751792485,0.00034208008748029995,-3.733886230070988e-05,0.006427712829113289
2024-04-02,-0.0001898620894478511,0.002093813167939355,-0.003159602277637956,0.0004251791088246222,-0.0001225223919593637,0.0019697450647113597,0.00033580185470384925,-0.0009151093128574732,0.0005615020473827303,0.00030802800321751324,-0.003362614413335362,0.00014689301174158613,-0.0024902380192865048,-0.000942520416313981,0.0011598852715826006,-0.0026934572929452182,-0.004572734457098137,0.00677076124442188,-0.018933869256735063,0.007971303511250728,-0.005661316232520973,-0.0075139688867394425,0.0005857407284148953,-0.007766801662973085,0.01478378748971337,-0.004814181596226878,-0.0006234383339380182,-0.0018809783668680378,-0.00441169844956818,0.021389613795131303,-0.003782877297377144,-0.004593377679849197,0.00842772401731355,0.002215963863966109,0.010207736751395094,-0.00791949092968103,0.020958924962718856,-0.0025015863764053354,0.004366606045670737,-0.0011646085396354142,-0.00816337927808046,-0.012862305242379248,0.003605156281127621,-0.010530650828700677,0.013107768830897988,0.0002270813208108615,-0.00529599624498622,-0.002667650399765943
2024-04-03,-0.0015949245926953608,0.00041474943551059044,-0.005103904410201009,5.974857443583412e-05,-0.00022513126637514693,0.002070781485441161,0.003602348522817003,0.0014989014740453407,0.0008877956645296173,0.0005001386495857685,-0.002823567138794847,-0.00022009482068997922,-0.0012785819386667754,0.001998313010773313,-0.0010541254081470476,-0.006155700537896789,-0.0032907929157233156,5.507320817844622e-05,-0.014098485211669738,-0.002910456439499974,0.02010860349624749,0.004488586350616699,0.011790169275235407,-0.005193862387103621,0.004371338153618054,-0.0013114171684610802,0.0018770161881046387,0.0005296798084685819,-0.008850542258965779,0.038108924062321324,-0.004715454595591511,-0.010527856222038685,0.02077932171395925,0.005098306805020844,-0.004146534669663541,0.0011794639981053874,0.011824253850013145,0.002294822480885793,0.011258294132127884,0.0016418188549098783,-0.003427807205711024,-0.009754413306622502,0.005078499819544842,-0.011607060810929744,0.006948886518476464,-0.016246277062741343,-0.0042543187558631065,0.008417123173580558
2024-04-08,-0.004978045547314904,-0.00025566105786935136,-0.014115004905830265,-0.0008625889461803933,0.0001760625386321135,0.0007625722125056943,-0.0003060654547414103,0.00039211470842096094,-0.0005006058496782492,-0.00033882286831530346,0.0015538492733513799,0.0004603240885005669,0.004084072424440585,0.0051751075734422615,-0.0014255481857034802,-0.004262873737068976,0.0025844127381913977,-0.0011754175844601298,-0.0019131098454847834,0.025743915782803033,0.005379548676856282,-0.008407590134658558,-0.002986983914598129,-0.006492001089796324,-0.0044342900623750275,-0.005972258194277612,-0.003555237929206693,-0.004539036140913889,-0.0006353044878402406,0.016114490795125218,-0.0029145355817602383,0.013171154073366859,-0.0007633685454452132,-0.0005711584717046689,-0.0009896763668618433,-0.007978079847811086,0.0024771356391011193,0.0022261838998157515,0.002866801261522137,0.014614030135006157,-0.013261871831701112,0.005601911706060736,-0.006408258095751327,0.007306973170824171,0.00458862967321629,0.004389902315074381,-0.007758922149319251,-0.007437676125631108
2024-04-09,0.003721255842112314,0.00044757309344873615,0.0066837118896332474,-0.00020638067156119564,-0.00071939856802114,0.0012476395371250621,-0.0012888167494485307,-0.0005523312574248539,-0.0011306437451434382,-0.00016078759027975887,-0.0013629931822155374,-0.0008129887931188302,-0.00016856475359137854,-0.006175074799073288,0.0017902768209249918,-0.0024403672293854257,-0.0033682779517827345,-0.004167010840885288,0.003600844139174248,-0.004247731251148333,-0.007191054426624787,0.011465682502316613,0.0012130769944033977,-0.006430707332114922,0.005749678179253989,-0.0011522420376772612,0.0019497730775382884,-0.00988488085996602,0.0006063749167648764,0.001404690898403653,-0.0017730811648508124,-0.0053169433172930115,0.011212907416166821,-0.007386901838670247,0.011245137787711156,-0.0011281412612560613,-0.012431127277820506,0.002140258505029416,-0.00018386059721290358,-0.006184582270675289,0.007964368503972846,-0.007700427337476027,0.0062435406475186495,-0.00871237687689917,-0.003321777300669643,0.004729345737757837,0.00030073415459646105,-0.0069620055869284185
2024-04-10,-0.0042772872513862975,-0.00036435229889242754,-0.014334158089788033,0.00022850318428677854,-0.0002549380166892483,-0.0003266160644174358,0.0016806308616202934,-0.0010794077078110957,0.0008738166584397847,0.0016823431412179859,-0.001871783447618761,-0.0007291987010652658,0.0010954491044690897,0.0013191912556181238,0.00040411512871564386,-0.0003519343929294494,0.0015867405906561602,0.005725999064822191,-0.009930832053544777,0.011861557190754064,-0.009534470655585972,-0.0012585683620438336,0.008037316877732344,0.001274819166740452,0.0033445670567193732,-0.0030264591806622447,-0.005700379178083998,-0.005798501694952299,-0.015152159262565341,0.01047130254750803,0.01045300774827992,0.0016085069846609363,0.013265033067761816,0.0011435644739041365,0.00025119250646680753,-0.007285145364839929,0.006611399297957994,0.012908317167975728,0.00866378032916507,0.003096726829803946,0.0017242843345764692,-0.0027872955371916397,-0.004689686753111016,-0.006195014593167311,0.0005848664388842626,-0.003559136309455935,-0.005771246473906583,-0.0023762216697091657
2024-04-11,0.0003994091487070247,0.0015651736510519688,0.0013833409409567492,-0.0002407896211652044,0.0012756065920366954,-0.0008204103444754116,0.0009738539282819314,-0.0009478576189095691,-0.0001009421674654949,-0.0014427303595065783,-0.0013125323967091106,-0.0012330810565280427,-0.0015224335768101059,0.004224593062490166,-0.0005348553950119637,-0.0045992139776990055,-0.0025117440958041686,0.00021612631468754105,0.024449413251588243,0.005317693097837663,-0.007716415288602987,-0.003375503103302797,0.0011580114317588104,-0.007646805602410449,0.0010957075310193706,0.0006454030924322967,0.0016379454996541584,0.004768085934845541,-0.0023441754384544585,-0.0012949999964566856,0.007471990735318719,0.002754386164317816,0.007973810845694344,0.011743094167865299,0.008133826604242406,-0.0006127310753650643,0.000980434535154446,0.020505518990580195,-0.00957988949746668,0.0024820568960815933,-0.0008864834782131225,0.007299220763428982,-0.0027952326424421046,0.0019427244835322252,0.004896787364436035,-0.013604127481805065,-0.0060805816711696275,-0.0023524831514603246
2024-04-12,-0.0007380061301094005,-0.0020755247717445515,-0.006860067388052336,-0.000433220274872483,0.0011295068593314191,-0.002182347700143761,0.0003991120491540832,0.0006583624046406191,-0.0023497296510064897,-0.0005931684919160774,-0.001873546760576225,0.0001523299521362913,-0.0022534296959162156,0.005751364487331903,0.0006897418189239907,-0.0026278965350575167,-0.002828422048159452,0.00711386727840029,-0.010151650412700842,-0.007976193107223663,-0.01197570558813649,-0.0018085585489984936,0.0023871864433232075,0.0018692533999972224,0.0031009907951063463,0.020171723042245942,-0.007350581672891929,-0.00467454147803827,-0.0072074884707916545,0.015615962453829004,0.00014404600775948267,-0.0004068833367649787,-6.145293502134852e-05,-0.006753617593135285,-0.009001884886361347,0.010233205458533944,0.013491840619580182,0.0030395838233836735,0.015835975186447415,-0.0016340913280104927,-0.002467775197325868,-0.0018526276813562604,-0.001870762196080983,0.015849876585660512,0.005512140272140244,-0.0012322182093918513,-0.012974278093269218,-0.009045360790156434
2024-04-15,-0.0003149405462458305,-5.753887941445024e-05,-0.003191847609052991,-0.0011365984069197442,0.0010053314084276556,-0.003171813001070644,0.005696123484196957,0.0017384341314771986,-0.0026508424023515744,0.0010483192488000078,-0.0012141917081900271,-0.0014478679873597855,0.006957699130062357,0.0035167284664110706,0.005796208957157473,-0.009726967283438578,0.016761272474041286,0.0022814678233693264,0.0047323214658292955,-0.0027262705741586284,-0.006632747559460857,0.0012219662826217434,-0.015380090722014522,0.021896296675080553,-0.004772044979033833,0.0028771994183593315,0.005840412313336437,0.014622866436904015,0.008294655561967642,-0.015776911856471856,0.006593167198497106,-0.001481455715754283,0.0006825187883268781,-0.0024001980674869844,0.006487551372336317,0.0038579870132431763,-0.00429413780229896,0.001729270273435164,-0.013830239959744809,-0.019677011096130397,0.0018838084532049274,0.005620824750774255,-0.009998453543473026,-0.0002592348979187681,-0.0032469847245942675,-0.017113343851972364,0.016259703584078546,-0.0016165976078708283
2024-04-16,-0.003138854274893878,0.0005452232503469109,-0.035693905863133917,0.0013229890611655118,0.00023792319197677437,-0.0038526284477208594,0.0035019623341900822,0.002053931823865461,-0.003638435914568735,-0.0012480053098536368,-0.0036009326124353184,-0.000421074982914994,0.0032751367586147067,0.003002562913447455,0.002398725720140796,-0.005286047483964903,0.013758361994082893,-0.0018311562177220583,0.007288847759022504,-0.004264595896074059,0.004736621614921453,0.008613753291664495,-0.0035917273174004135,-0.0051339233802385675,-0.0014754949387438048,0.012927123975366567,0.004115693576774271,0.011367977043420083,0.018211622392054577,-0.016776595934741984,-0.0028883839364798806,-0.0010294426026154233,0.00380196699900005,0.0030944489536230053,-0.0013184648578158595,-0.00012400192410417496,0.0021725728749859,-0.0040161331815581364,-0.003391794383575727,-0.0034430459432758676,0.012850355427541873,0.002271050989678142,0.003801009385871082,0.0004020057690802342,0.006776517496924473,-0.0083334393191618,0.0014547036733798284,0.001126798625122303
2024-04-17,0.00713658414957782,0.0015914640689121899,0.03521838018017493,-0.0006675646791858377,-0.00012226347749725441,-0.002160245419941735,0.001785333857477499,-0.0009523810471418487,0.0022446673501497817,-0.0012261485545981478,0.00045744172348106683,0.0015168380934038532,-0.0017150569595393138,6.003778566541819e-05,-0.002316063280981597,0.007025370620999007,-0.009665084523976974,0.000995101194623929,-0.003409524958532246,0.0004785834992763668,-0.0037537713670681115,-0.009135765984420379,-0.004122365239242762,0.001683655689370121,-0.0014499172871269613,0.007413661638510566,-0.0001817757447002732,0.0036719051825273956,-0.013390638777058842,-0.002145662353594663,0.006198297689466709,0.005120552143828947,-0.004175722712498921,0.0068702318089359764,-0.0001827022890753253,0.006182442027102762,-0.005093226341329497,-0.006094331951292166,-0.004125121365733118,-0.011146753935144348,-0.002261270552335768,0.0013572934062347384,-0.002188379299476237,0.00954327932595783,0.004285809460218369,0.00770833223279665,-0.005378484891042929,-0.008832654339077348
2024-04-18,0.0010509999490375139,-0.0018069126091752553,0.000577390573554118,1.0526870149020206e-05,-0.00042794481004910026,-0.0015339970448725545,0.0018058738209780355,0.0002273897140904005,0.0005272673228279136,0.0009205783727091656,-0.0012432591058088571,0.0013156391371676275,0.0017690785602667574,0.0023305339201044172,0.0012165036776659072,-0.0001368746834021948,-0.001068627843790272,-0.004376905267422729,-0.010633651142268495,-0.01763333770936,0.0031736395276594836,-0.006484464226254203,-0.004997981492950252,0.008951889137897334,-0.0011707832218036094,0.01557238785111396,-0.0005599976278473936,0.00046563161224265684,-0.006088021159746614,0.01046759313424865,-0.004517033793812262,0.006731818356881113,-0.0022456962599416066,-0.01282029063279726,-0.0015136471442524545,-0.0038786908975639977,-0.01391482781784713,0.007192342550103463,-0.001641231268996756,-0.009550501207368802,-0.0019937450311663563,-0.005422477670754809,-0.0018184350044661245,-0.004358822896719641,0.005167463280756865,0.01111169249519975,0.011425850549840515,0.005084490384431693
2024-04-19,-0.00583694698185941,-0.00023099962575076714,-0.005874921590568487,0.0005373233899235679,0.0006437027753969226,-0.0033922832723357866,0.0016847855337579585,-0.0001060327583240104,0.001438992563485462,-0.0019181348409001164,0.0008053550063204291,0.00019339681561553125,0.002523554811717342,0.0005328125942926744,-0.0003883264872469892,-0.00023298245794251693,-0.002584032976135304,0.004449660111958105,-0.009040799286344344,0.000436225334258711,0.004949347188115315,-0.0012944933588360267,-0.006830331352086735,0.02572706237171984,0.01649708788465709,-0.001877172555850389,-0.0001241787457455262,0.010173282660337592,-0.006158874216120791,0.0021376209787672524,0.00282728526718546,0.0034832535861403406,-0.0029790142282689305,0.00856595539944843,-0.007708207369639419,-0.008845385613925788,0.03473933151305617,-0.008436687069619682,-0.0008997784242390194,-0.0017517426077515016,-0.008430162290808852,-0.005259587256612027,-0.006019128803750128,-0.002991602226602165,0.01353705291349218,-0.010703211939541513,0.0006769958092108379,-0.00832725469828063
2024-04-22,0.004419127910287118,-0.0027268589243592523,-0.00608532348190512,-0.00021077092010700934,-0.0008964854719286729,0.0015917685204726209,-0.001263232434148125,0.000848243533350444,-0.001948511707750406,0.0014408450015985228,-0.005966347780614629,-0.000984672600157272,0.0013726336512237716,-0.001723343756398974,0.0025049043370243052,-0.00840861128045455,-0.0036901637020601706,-0.0013984497654939312,-0.00032579816609389767,-0.0019269759290603036,0.023087172687982657,0.010397891586780787,-0.003440597335091963,0.028081434051719072,-0.010579401555115919,-0.0025832341581345213,0.004106734124661175,-0.005382212011596899,0.004420542561667902,-0.01450392955739725,-0.005512875610289434,-0.0011646647731761801,-0.03212887597497848,-0.006667155903887542,-0.005558320255368445,3.428343183893338e-05,-0.03150467230779139,0.016340936452993185,-0.006863832644014291,-0.015280130654692086,0.01742733120523085,0.004019147170492337,0.0009584857233935437,0.00019900111269890753,-0.014252602011032709,0.00830922102297413,0.004617806330750861,0.014858077569664348
2024-04-23,0.004823448803562279,0.0002135595682463317,-0.002835308734003941,-0.0008170855063791486,-9.753206996457079e-05,1.0055150843053486e-05,-0.004648991699477528,0.0004557018323499484,-0.0004417923033418282,-0.0013616815875074565,-0.003032783333460974,-0.0005514092806615685,-0.0056859924862548835,-0.0003863165531625063,0.0017067475517507852,0.0033529443191447406,-0.005653648794765006,0.0016170375695408008,0.007712837211748907,-0.0023737777721255424,-0.0046547481651110405,0.007602537982891551,-0.0034614158268117946,-0.01596589420672441,-0.01055779372342586,-0.0044775298976042505,-0.008985067338266074,-0.0006479251095761509,-0.0010734011511294127,-0.03403506483783485,-0.004363387618638464,-0.0016101658117390468,-0.009301082056314072,-0.0012150163969078377,-0.008719819691590308,-0.004826878408336616,-0.006248579251279147,-0.009832367594963849,-0.006134088414281946,-0.009079149634856658,0.018621321201666007,-0.003267405821563204,-0.0042373768032528,-0.0015735526530647464,-0.02013576864635036,0.027693332788763434,0.0068612023083783995,0.008127596572172761
2024-04-24,0.005022957815670994,0.0006463324141422935,0.01129994007860228,-0.0008641916899040803,0.0002766795537011587,-0.0029436147322146225,-0.0012132476377020702,0.0004601924006741188,0.00024226137477322582,-0.00039364059474601893,2.1328559984030212e-05,-0.00012151162218782292,-0.00348193229890131,0.006154109147091698,-0.001339589822245181,0.002532084640660317,-0.002910632141681317,0.004186431438212151,-0.005033608938636459,0.007539872476684108,-0.00630133125052049,-0.005494545449327693,0.0005398752945037101,0.009364786366659572,-0.000983127076078992,-0.004188264651246151,-0.005846980670598082,0.002550738677021793,-0.009583139135336554,0.006644367731687506,-0.0031127982383654306,0.004965900544863557,-0.008100515871989488,-0.0012303870219432524,-0.0072704955423992385,0.007799311337602203,0.0014157216603534885,-0.0032952971484789947,-0.006079750595800805,-2.1023135165518757e-05,-0.003865384182687711,0.012216085510282547,-0.0026751869236886013,0.01426882470956128,0.0022923725000075636,-0.003560765204059024,-0.004719251294728652,-0.0036216903755593366
2024-04-25,0.0009458365798032191,0.0006548783442709971,0.0026186129551994375,-0.00012778386216541729,-0.0003937332799401309,0.0005834670306273899,0.0010273397585808715,0.00027509441247281397,0.00048100434421062543,-0.0004897128580629638,-0.001404472971462799,5.827668060599386e-05,-0.002529941589006814,-0.0011179722311855727,-0.0027766223676050565,0.0017520177694315968,-0.0013501595554586395,0.009408245264798151,-0.011717154038669459,-0.0021098694823508497,-0.002693863065888524,0.009985293211166174,0.0004548565585437026,-0.020528013069541804,0.011035334865186933,-0.001526813599421017,-0.0035194427538576298,-0.004045886740103051,0.0016403619189680396,0.0028408102103416816,-0.00800612010103712,-0.00436993473452618,0.0108663315847809,-0.00038077786404272095,-0.001187134077808909,-0.003271084402244034,0.0024014491001760983,-0.00471480529414106,-0.0020744869982166404,0.0028989316347914785,-0.004899018356695558,-0.012101283856735317,-0.0004333035695020505,-0.008625975234038193,0.0010209478630595948,0.009634559397200105,-0.004514607297068134,-0.0010387431902632225
2024-04-26,0.006255755068480863,0.0005202392897498151,0.015231384674128972,-0.002135234388705139,0.00037941679108418214,0.001392749558978249,-0.0023882491631859173,0.0006345793839401988,-0.0007839760164417494,0.0014378715963797792,0.0017953135934901507,0.0005495263330767626,0.0009158954972729036,0.0019921114118739212,-0.0007709856163213747,-0.00014007229252723237,0.005467954292561935,-0.01205911739275809,0.006177816158147589,-0.007123887705673818,-0.005909550230727178,0.0020285480698760475,0.006783423461051282,-0.0020775709328480336,-0.0015287692043050947,-0.006556161769619871,-0.0023950180010171803,-0.008754600383620675,0.02487081634782195,0.005170291848067625,-0.002081377852035866,0.002100377707375665,-0.008464258741247593,-0.0024489620779075687,-0.003564214902331499,0.006096837507170728,-0.005008164738297085,-0.00562014051518535,-0.0007816844032582634,0.006925558560605666,-0.003758116366300088,0.009800399509687308,0.0025738132180330915,0.006902831030823618,-0.0056724388847014875,-0.01760187228822689,0.03218335336824775,0.002448671928894691
2024-04-29,0.004088190096949232,0.0004035469476455397,0.01965873544968017,-0.002528950729076474,0.0006070879268116004,0.003894007703581762,-0.000576932632017436,0.0005017392696925197,-0.0005286782290317388,0.00017626569324842527,0.00022346802955851983,0.0012221890340771142,-0.0013512091630502267,-0.006704811776386503,-0.0009744498763505849,0.0013769291123460344,-0.0013166010625648339,-0.015714329164771248,0.009755550748378493,-0.0031288052819042314,-0.0028083250387123744,0.0006939817180042272,0.0037601092551332693,-0.013913360531899947,0.0018649008855673305,0.0015004010051729681,0.013774196265568495,-0.00831619955460264,0.03999909534121836,-0.01742800324560291,-0.0032468660277103303,-0.002728934069062827,0.004662882132275997,0.0034649998991070994,0.005468449503356139,-5.910110247151623e-05,-0.016630250514056925,-0.006919880609886887,0.0037239693632463906,-0.004281987275155259,0.0011298533632431614,-0.0010986347362431305,0.007793321884825598,-0.004049215392653499,-0.003860048044659157,0.013852232861808946,0.0007513847747659155,0.00021300638567698336
2024-04-30,-0.0019104378536067797,-0.0011621592930242323,-0.0053854582642818205,7.44248564631105e-05,0.0014285741669431745,-0.0016882414179441158,0.0006459586279773313,-0.00015749186740052085,-0.00011024685613680803,-5.781495683005266e-06,-0.003845458331440896,-0.0007540739983482506,-0.0014401547444403558,0.002023688398483766,-0.0011753604008420014,-0.002146723703339342,-0.003995707383936809,-0.001822274044204277,-0.0003694918042873706,0.0028082405625182863,0.0042646596427342205,0.011871864830885051,0.00115693102589801,-0.013269342415657394,0.002838433849704172,0.019186613721991506,-0.012952644159386018,-0.015164544814274396,-0.008907892576017096,-0.0041130222036516945,-0.004307782970333389,-0.0004815939453770983,0.0063191032213197615,0.000938269033726934,-0.00653686312490303,-0.0005200381875623999,0.001507874884083491,-0.015938117460120544,0.0025336165522164998,-0.01102889186916712,0.005451491894543101,0.0011884743260754203,-0.001491310757145143,-0.0012566702643743643,-0.01406877311121787,0.0035489043199356174,-0.009125110251104209,0.005534174274609789
2024-05-06,-0.0016184295970794163,0.0015671094514266306,0.017176073551108523,-0.0009908573903437462,0.0005442674660060389,-0.0006566249429159866,0.0016947897101893077,0.0021182650763443655,-0.0017207002934814515,0.0005030572993703784,0.0008400773804244418,0.0010665202214164657,0.0005385133494066345,-0.002974238308606966,0.004215392845893559,0.0044002471410571915,-0.0013702545571612405,0.004148444024011892,-0.010311529432959656,0.005363710842259382,0.003177643770361431,0.00908525585636425,-0.00468683778815529,-0.006201037260108352,0.020743001503974547,0.014744940995163559,0.005153826231001315,0.00018507294801510467,-0.012915254873217307,-0.0006693583319885275,0.0044373956504826575,0.0038517792104882653,-0.003938058012766337,0.00026166890603676,0.003814047247536608,-0.003350800163827723,-0.004592884835477625,-0.014048132838449658,0.0005191442995711486,0.004910611843323002,0.017485990749425494,-0.012608631066048119,0.010298670309193276,-0.015206750058894413,-1.2266955709216228e-05,-0.014737003471862664,-0.003682416953665934,0.010385954492148434
2024-05-07,-0.0009121099080798886,-0.0006765488387556726,0.0025561201967077693,0.00014161117414169337,0.00032012573942080604,-0.0013631782548201763,0.0020347399413265296,-0.000343444244459899,-3.970968284400223e-05,-0.0009505642125013285,-0.0015717919629679583,-0.0005407697936647921,-7.321820266059282e-05,-0.0027851485679685267,-0.0014208676584324285,0.0056150900592133145,-0.0018039497633168177,-0.005202052807347906,0.0007173558516520438,-0.008338023941716507,0.0018555991305923198,0.0022768156533245053,-0.004582322091338511,0.02785703013428913,0.013497821093182493,-0.014014771608985406,0.004513757548100422,-0.0009684296659264771,0.006283589967427559,0.005596932068412144,0.000488816142227403,-0.003908067722246115,0.005928200124878146,-0.004651993191512122,-0.003566803601555798,-0.004555460470944109,0.0034366620187260013,-0.0006112991945325883,-0.0032972624128665548,-0.003919922321069653,-0.001070437776022764,-0.0053198431420068025,-0.002607758008571929,-0.005027748553481035,-0.005757390350235893,0.00013148249275103446,-0.00013745498824029292,0.0013350811026449027
2024-05-08,-0.0042172370752583555,-0.00014263875225719507,-0.010641444219149239,0.0002665202283049168,0.0003865124134578864,0.00011862220156901963,0.0017523473963427857,0.00016729474259319024,0.0006859227534155936,-0.0004938823089297012,-0.002115496937919701,-0.0004025350699646202,-0.0006653116962785235,0.000750978725021636,-0.0029870140095767305,0.002598002847613981,-0.0009856238126467022,0.0014404874195575765,-0.016459773794741204,0.003348517788417485,0.021189196235379164,0.013429576460697678,-0.0034266485227652894,-0.0012616997070266664,0.0006038430884471524,-0.0005281742449441434,-0.006223201645263059,-0.007617652673977058,-0.021175492409424197,0.0039008420785798495,-0.0044922488587155595,-0.0031838684334978295,0.022208624018863466,0.00013974564097087776,-0.0021801687384146655,-0.001445796194396976,-0.003060072585924169,-0.0040764740488730454,-0.003188611264457095,0.006151883360043353,0.0026894115262401613,-0.009908866576472972,-0.0015964789018395502,-0.003571455000746134,-0.004085665934571534,7.748494968526046e-05,-0.004938915744306533,0.0028964428641532693
2024-05-09,0.0009397181167867591,0.0006418396527504532,0.012016270773386588,-0.00016046661945618806,-0.00023233599844999233,0.0014961681970537756,0.0017335537705988687,0.00032077829807702115,-0.002269502654762815,0.0013176353472681855,0.0010826033718723683,-0.0008131648589479737,-0.0011983080697912534,-0.002824607428521874,0.0013828360873299238,-0.0026565315218780665,-0.0006367305477795207,0.009676730242018356,0.0007250556456191369,-0.004748270153713744,-0.0018410228137164895,-0.0032873852970672504,-0.0009227411213641303,0.01720478707260683,-0.006416178145038983,0.0030776839632436887,0.002463201569156752,0.0037116711471310284,0.00315415671451036,0.014939110320799986,0.006281616791550879,0.0008008362894001344,-0.008233141765180349,0.0019308486113588912,0.013493247980771013,0.0038508257288140287,-0.0068985278065129925,-0.003512184625884043,-0.004137959061194815,0.005134060931575455,0.0031143572096486924,-0.0023501080636985218,0.0025365769125377407,-0.006917038023472326,0.0024616243337552022,-0.008693413520659598,-0.003815030544180036,-0.006721440455074195
2024-05-10,-0.004230893379831866,0.0014476635313390566,-0.004133065130078709,-0.0008170483531147794,0.0013021534817066612,-0.0006628583005200238,0.001771942181816994,-0.00021115641318519352,0.0009771305292180816,5.351051218512025e-05,0.0004353951404166253,1.120091555037484e-05,-0.0002694624568876158,3.630678175833391e-05,0.0018769657481579286,-0.00292426482227947,0.00025030652255389615,-0.003572850806648729,-0.0008434689889961352,0.015349313573098954,0.00464843738074944,-0.010027732999007732,0.0008589666140528128,-0.002901980197515534,-0.002342304062416127,0.007902530444477128,0.007804887406496716,0.0035144174337854673,0.0378052077371206,0.010223169653873891,-0.003014771095168852,-0.0041025543041584836,-0.001584699195106997,-0.0014944126665959092,0.004805386580965188,-0.0085173256045861,-0.0009187779337847387,0.008852786887992112,-0.003551471763106834,0.008231827355282767,-0.011298626301816684,-0.00268820742229856,0.003663611570946246,-0.0017620511419745592,0.0017640305854313204,-0.0010602895805039525,0.009226573156482183,-0.004807027843478806
2024-05-13,-0.0038886374211823393,-0.000662913941932034,-0.007126436876675342,-0.0008722603737153858,0.0004773884091151415,-0.003412780208133085,0.00218348245086647,-0.0005322401236482366,0.0005397386823513267,-9.371809784167564e-05,0.0020177641214541337,-0.0002480958764305008,0.0014682462151811857,0.000994200808012629,0.0023683030208024518,-0.004577979871263707,0.0034604636918434345,0.010422652608166192,-0.006976207291679988,0.019261591729112616,0.0068371230983063636,-0.002662189151337097,-0.004021994272991849,-0.006808571138831466,-0.0030191040620082387,0.015901991312199205,0.001493542138592038,0.006482267263680017,0.0008961144540398134,-0.008841192280730938,0.0008358777841602045,-0.0027058589834241874,-0.009314412280071863,0.01004311554515291,0.01037955346422635,0.00026708785587552643,-0.004496801156532226,-0.0033749014309763887,0.0066343959399925165,0.007576092854953766,-0.005787469849097459,-0.005114901779748001,-0.003706867131404284,-0.00015798324842412634,0.00011284928124578265,-0.0025360328851944847,0.005476804289633339,-0.014464384114311103
2024-05-14,0.0012927365181960781,-0.0004431627416173193,0.002802490475654146,0.000219607242588982,0.0006012713169388722,-0.00026685861517826827,-0.002541541168602419,-0.00023584191352165338,0.0007494251387955068,0.001711204546774755,0.0007501245907490378,-0.0002080006950294895,-0.001955851846964228,0.0014001604159171812,0.002903614123570286,-0.0021762877624513315,-0.004226748867140857,0.002212850554434847,0.014254272020623147,-0.004592728060588496,0.0027686946355823957,0.0008769562756002798,0.0023073683263537736,-0.008828786886404398,-0.00468534972165914,-0.00945364898900692,-0.004444041182016597,5.930485313225037e-05,-0.002474823454175644,0.0014518868929256372,-0.00286863813713165,0.006200864555157507,-0.014316960900180727,-0.0031322019148548146,-0.005871204666729208,-0.0007943487285544178,-0.003056954287052182,0.004361391087212792,0.01412273983312926,0.0017264290862126128,0.013093615666809427,0.004502383659362978,0.012987459004704877,0.00021611607437909447,-0.007668196251168758,0.0014308335225203328,0.005755190085163839,0.004041417801747439
2024-05-15,-0.0012311554841545893,-0.0004964106232772522,-0.008867508244759273,0.0010834677806505473,0.0001778563183523786,-0.000498989832107127,5.9528225304510064e-05,-0.0003568249507105609,0.000871363568226409,0.002109361724844405,-0.0014189848094741898,-0.0005066473619987257,-0.0012309633114135792,-0.00023504840366409056,0.00026849937165991775,0.0026607552882180257,-0.0013023457383484999,0.0007165638473779629,4.981611466610514e-05,-0.015619213456206947,-0.0045007781287961434,-0.006539801666027818,0.00418175023996056,0.0005555786111745579,0.007496797629891735,0.011278033468518894,0.015572479516276055,0.0022975284447593522,0.022645338059737726,0.002202597769719562,0.0012654940879803585,-0.0037171341223401428,0.008782462725867165,-0.004390923929898786,-0.0040638444956517215,0.002525747526117404,-0.0002637137630345076,-0.0003742745699703388,0.003724621577357952,-0.00455823925855034,0.0024458639559695326,-0.0027960093172188665,0.00908635459142704,0.0026752819038060585,0.003679623473969749,0.007206728470461128,-0.013656810723440712,5.067328932904401e-05
2024-05-16,0.0019517234675454985,0.001166427950639943,0.002010542189630408,0.0008278960000932599,0.0002910091579561385,0.00016859348470665633,8.071625202153562e-05,-0.0006330542060585037,0.002186820514276595,0.0010032594445929623,0.0011252003353842434,0.00045977535586447493,-0.003726109910491254,-0.002175841816234302,0.0008071830078056038,0.0029117655341591863,-0.0002619275438965459,-0.008167286677615604,-0.000750890211557751,-0.008137153219652441,0.001056241825405495,-0.007979822962662614,0.002893239546554493,-0.004084493091704144,-0.003086193998629323,-0.009770075234748737,0.01975582532652946,0.012306750498772402,0.028699645501938757,-0.010314000921185814,-0.003109260105218166,-0.005867357012550697,-0.005138142920447926,-0.0018510460183484528,-0.010300626802488357,0.0026011873536223836,-0.00208770596336884,0.0037170442286629966,-0.008717864645269073,0.0013959538812252238,-0.009848225713315225,0.0009383061763103187,0.006640588110388659,0.004091632483080618,0.00825006031998438,0.01700176697755218,0.0018240762348393166,0.0030464021293946176
2024-05-17,0.003851984026004994,0.0012241010392046482,0.011406368976060099,0.0007644721184432481,0.00021780298566647258,-0.0016043168102900347,-0.000920047913991554,0.0008524580281229054,0.0004861666461382664,0.0015390553074391866,-0.0012006974709627227,0.0009801240535815812,0.0005462527446840471,-0.003536856854281961,-0.0005236574442497571,0.002347732175385947,0.001156217764384237,0.002226420182880472,-0.0158455212991104,-0.00029980750882165953,-0.00017233465376002732,-0.010594721393574657,-0.003965540053861483,0.009489492206897735,0.003448663228344171,-0.01149139754457574,0.0074147185762703394,0.0024864598141670483,0.05100583806457821,0.0031563486563211804,-0.0026920714039073697,-0.0048253341344552956,0.004933037698022813,-0.008218053179661292,-0.008120385574365514,0.0026026579205894176,0.000535196910826459,-0.0022913901428547666,-0.007776421216420342,-0.000538603470903355,-0.006652240814992507,0.0005551979527967922,0.0020419932652202067,0.0017308124845250004,-0.0011238272278476869,0.003506446216533342,0.0019235840890814908,0.001363479455165771
2024-05-20,-0.00023452977397029606,-0.0014582311695634528,0.005141741508207306,0.0004622646360606936,-0.0005714751764221433,-0.0024483039254910464,0.002912983949820827,0.0011239701409833992,-0.00020607286976164564,-0.00045483980358579617,0.0008283169482540182,-0.0011486465960929588,0.001618174109675501,0.0017471763233310351,-0.0018184699886213246,0.002955109607569334,0.00038453746315734256,0.003943632483327112,-0.0033555262905637867,0.010039359807172233,0.016631752759385113,-0.0012327104457639947,-0.0043899622483833676,0.008231781435228548,-0.0002862526719306738,-0.014311325338482613,-0.0027474222870960212,-0.011865415195795984,-0.021568570352628807,0.030511452866993312,-0.00618956103603018,-0.005591610290644466,0.024575402201751084,-0.0026482333386571096,-0.00225185230827347,-0.002095284188253869,0.014265805284876493,0.010182538862552808,-0.006403725413649472,-0.0020100421213678707,-0.0007009438896990952,0.0005346544175856041,-0.01701234858400392,-0.0007203383406869415,0.004325596404559075,-0.011491989957394567,-0.001842410720302367,0.003033561786658396
2024-05-21,-0.0007926850768118615,-0.000289325582115381,-0.006905245038984752,0.000954194153095764,-0.00022601515898716651,-0.0010205559173114367,0.000543430494806954,-2.5164412077965763e-07,0.0002650418771192331,0.0006009883043244044,-0.0007562310108397503,0.0011321802632364155,0.0003592248699198853,0.0013971608219784195,0.0009950162342048205,1.5828327048791543e-05,0.000259957381739774,0.0036139351240463023,0.009647399990309759,-0.0032210778345735666,0.0037415453263131473,-0.0029191471325813434,0.0029217416875114447,-0.010396546345972391,-0.007177163504809897,0.004047793339808494,-0.0003994134859782126,-0.003583020210467947,0.009191462730543656,-0.020069759671324232,-0.0029933418894478856,-0.0019098369887973463,0.006631782618781366,-0.003838951230239579,-0.0023149451410305025,0.008751798675260304,-0.01035862761074841,-0.001220554699972245,-0.0010819874934152528,-0.004850261578321203,0.0017803476396135362,0.0004976739617239464,-0.002364562554599316,0.0010773562087820023,-0.00400815474480436,0.008953133613598578,-0.0006520495410342478,0.003285297951721989
2024-05-22,0.0020674827498021356,-0.00016238307942903534,0.0022066109961987237,1.3499729036729166e-05,-0.0014540791665253302,0.001550112211809281,0.002594478490544422,-0.0011334001183338092,-0.0010005379143188998,0.0004857439758270363,0.000764296827424909,-0.00046818526641267965,-0.0006205660895520775,-0.005847511516770697,-0.002309080831915703,0.0005041194726058673,0.001043675047294657,-0.004243178306201545,0.0012990487103436425,-0.0007258118240825527,-0.008942860246425459,-0.005051611995922703,-0.002543701344442817,-0.005782696782548988,-0.005271035700479798,-0.0031298373142069117,0.0016766293801659623,0.008217542421216934,0.0060477577997479475,-0.0073740075403138355,0.00028391091370373925,-0.0038959664424592652,0.004546791983418152,-5.169626757646473e-05,0.014419500539921118,0.0027164200280925905,-0.0049141763261797075,-0.007349098230598524,0.002897406530580999,-0.0030471953170411225,-0.004488477430986089,-0.0003169194505167075,-0.007496267580751127,-5.635622133430291e-05,0.003311320967997806,0.008533152371781072,-0.0012122164051905744,-0.007400924723534676
2024-05-23,-0.002252711998400615,-0.001167674513359685,-0.017734612637149365,0.0001760852475174429,-0.00036083611340371525,-0.002130263474340858,0.0002973354919283647,-0.00017088803067609448,-0.0012620277509365913,0.00012246974386197047,-0.0027808180869897158,-0.0006741838333341717,-0.0007895584875705812,0.00170593147291416,0.0005925933397639662,0.002049655281014355,0.00047741809818156874,0.0018641506704592517,-0.007606341048137304,-0.001827783047330215,-0.0006968279432043416,-0.0011627329116223157,-0.008014042544526366,0.01662630444934554,-0.0025486225568526148,0.003447964708216433,-0.005706294245514337,-0.0020947877880726933,0.0013679952679376954,-0.016393140596284102,0.0034892168646394753,-0.00016737020729903923,-0.005595557146219767,-0.0034399013612540193,-0.0022401026040358694,0.008183160918382613,-0.0009586272721151924,-0.01057619715080566,-0.0041955303566445345,0.0030754028102459095,-0.007362921626726169,0.0006476632714881956,-0.003767298141884353,0.005228477962958587,-0.008952189960036805,0.005683868218164464,-0.001334162841380198,-0.004603254651865134
2024-05-24,-0.002938154202647161,0.000928755197213835,-0.009708304299332343,-0.00018125134054815077,-0.00011101585206597632,0.00026057091510972834,0.0012425976730827768,-0.0009589768336965608,0.0017631328403780735,0.000490463503060513,-0.0007400215446802319,-0.0004953303133252982,-0.0015993027013794293,0.0019754425776298125,-0.0015350310530212344,-0.005729097682217869,-0.004899778550309415,-0.0017127749000203866,-0.0005174386417270296,0.024943970126018702,0.011303353881966498,0.002824613843811646,-0.0021991478287252267,-0.010482069438637704,0.003792314617632124,-0.0010203712747726855,-0.0015006365694402008,-0.006023986191660991,-0.022128412939965505,0.012568257194932866,0.00029494719076059357,-0.0012748692041206836,0.0016454846178704558,0.0021208569384175415,0.010560190047183927,-0.007700299583764008,0.005830953599074384,-0.0012791748941866896,-0.002566322538293665,-0.005523300834865419,-0.003215368643731963,-0.0046765637221902355,-0.004580326875161925,0.0024458967717738925,-0.001280142255366626,-0.009480960565343366,-0.005478048800056911,0.00140524852177362
2024-05-27,0.002063353421859054,0.001628065407658353,0.009409846012962077,-0.000815077004785906,-0.00040318487830184706,-0.00018173217898686096,-0.00032782075234275747,0.0003336683391165395,0.0004585209890212113,-0.002568647196933952,0.0014602642721772297,-0.001301666122901573,-0.0021603586073121366,0.004828126207254658,0.0008648041723749605,-0.0036613749961637116,0.000918066259862804,0.0087760595656126,-0.00561468298323364,0.004978879951835149,-0.009153486142618326,-0.0017330464616215737,0.006964259829182559,-0.009347310859227905,0.003034720020688956,0.0007946189548157217,-0.011597176527062932,-0.00593261878449483,-0.0006644355032066164,0.003141843790517579,-0.0013347412094706682,-0.003966327018223213,0.009078427691412155,0.0027630617496072394,0.0033613912504598924,0.00860953862687594,0.00383159245128511,-0.001383096643819688,-0.0019707332502701975,-0.008482372775406114,0.00018829989396409725,-0.0024086337648948322,-0.0024729101728670788,-0.006280295792671619,-0.0036421025624479107,0.0002336364221868553,-0.0035314404921223826,-0.007833406241404554
2024-05-28,-0.0005285550040997483,-0.0014438748562329159,-0.008189328820766902,0.0003219585952988384,-1.62983090222813e-05,5.291078878908432e-05,-0.001179007748556962,0.00036533043859239285,-2.5952424366476094e-05,-0.001409166510979395,-0.002207442600557021,-0.000432103882496704,0.0012800927395580004,-0.0001279760280646306,-0.00034174203646296104,-0.0014567983497881549,-0.0012870475127850947,-0.0014145700081026357,-0.01564049413685442,0.02422116662283638,-0.012937522024495052,-0.005268813972088995,-0.011737116367278993,0.00046449492626014126,-0.007290404138982401,-0.008588191412123443,-0.00938841359743719,-0.0019381529949386328,-0.01620552382931631,0.011369540879820311,-0.00333215722952661,-0.0030999642443380183,0.014397982313814488,-0.00063260978884978,0.008225017840349543,0.0018127053929697236,0.010138592727166502,-0.0007593410089700086,-0.006241332681568688,-0.005088893106045501,-0.01114406107140191,-0.005544104473012203,-0.014315107061248677,-0.00739997676742567,0.0034568819648766722,0.005368963442434419,-0.001458142703537791,-0.008465519911658434
2024-05-29,0.0015372760193913878,0.00013498513532620785,0.0012891109653075169,0.00027592387173052985,-0.0003938827380715596,0.00042482663772394115,0.0028331025519625058,-5.2949231921494105e-05,-0.0015933972534774691,9.170545176548277e-05,1.93440253098024e-06,-0.0008263917762021823,-0.002967107311268604,-0.000336072962270915,5.648992938589792e-05,-0.00018582616822015573,-0.0006129552216295012,-0.0028675602492952215,-0.0018822950614527782,-0.002675793011121462,0.00035471479175015367,-0.0018606371364399662,0.0007823099601707123,-0.0034441113824540234,0.003592804024573547,-0.0052186388649161876,0.001480083664113637,-0.0031339857395347244,0.004112108432551953,0.026853140153569953,-0.0012227070124419545,0.00856264257462105,0.009789532814762187,0.0021951830446474757,0.004423797502714417,-0.0010705323261472636,0.005151552005567519,0.0051558077782474,0.0003960148648974255,0.0034402247918858754,0.00024367281644566065,-0.004449011739004992,-0.001049534242149063,-0.0057268716925051675,0.0032398466390050435,-0.009805168719595907,-0.0011476441668157825,-0.0013307188075125775
2024-05-30,0.0035324191120563826,-1.4191351172214238e-05,-0.005919102143456838,-0.0006140657170102539,0.0002236330819009718,0.0009304918913732392,-0.00038968200496327846,0.001309118890998252,-0.003178269327881129,-0.0006912592243636012,-0.001876669707735961,-0.00037187799559745225,-0.00016633005907875194,-0.0001264987862276596,-0.0014836843003912963,-0.007771337358701284,0.0005368510928545507,-0.005327577830199476,0.007281649654770198,-0.013425486618917425,-0.00473462920127202,0.002771657512921727,-0.005583894119666358,0.020448782526781777,0.003400512220169744,0.005662959925807703,-0.003620170184228929,-0.005785899439002061,-0.010381017076749904,-0.022603656037821218,0.006388696882950444,0.00908309224339355,-0.009142212170710198,0.008513522941492085,-0.0015912415539831356,0.017011045467206894,-0.010064926309989468,-0.0005797891172188431,0.0034276171475260413,-0.0036913329905863693,0.003079757360065146,0.005812574346008785,-0.0019108220397316541,0.004245643098112439,0.0021852619729582075,-0.0027226709262212372,-0.0005415276005313729,-0.006544596217024185
2024-05-31,0.0020371595117281206,-0.0004352821368962895,0.00202217536358343,-0.0003175364273923746,-0.0001567191516299031,-0.0009001376183237115,-0.000134378720470193,0.0005222882706368015,-2.5239167354303426e-05,-0.0012302498224644302,-0.0009255790034345169,0.00018410726222612426,0.00023884131875782683,0.0011030992231738212,-0.001777992842763031,-0.0010393363539376328,-0.004217410004405551,-0.0013435183002062994,0.00679163899376275,-0.005404569900920628,-0.009341897071922858,0.0017658801986510347,0.0018704323473186114,0.01386155045311677,-0.011493375814711146,0.0004958638502432675,-0.013086489244460429,-0.0024328916740068434,-0.003930005839919446,-0.007215065154758188,0.0018514672816076978,0.0017638874186392775,0.00768229946944568,-0.010381827733652737,-0.008977102846855555,0.0025798246315293575,-0.004687552297502665,0.00260854466499162,0.0025385453034301063,-0.013666348093658298,0.0009161112914561569,0.010982491031570292,-0.0025062686883224427,0.0067978158320539835,-0.009420998733108003,0.007050559844750027,-0.0018202892144599297,-0.0006716510190392948
2024-06-03,0.0004523727571621479,-0.0004923948983572353,-0.008742790563935917,6.736836516124314e-05,-0.0007738450220956856,-0.0012471417990415784,0.0007111878488378257,0.0015790352442975714,-0.0039044599295926983,-0.00028379549584566573,0.0005467521942938401,-0.001346313205823652,0.00031611648855589194,0.004687344276274208,0.0008997812720826376,0.0019147311582916242,0.008133588353256421,0.003917198134793989,0.006030665684081643,0.0017637408842396754,0.013507449847379204,-0.001267497590174601,0.0029948305712807584,0.0009006578869305792,-0.004594577442725795,0.009624846173406554,0.0001671764236157668,0.004388304192689963,0.0013551036980598702,-0.020408430906511132,0.0009125465123947146,0.002618465050701189,-0.0038648251752509445,-0.0008466378595168868,-0.0017533024910085782,0.015776267975032884,-0.006717225234704691,0.003475051557634623,0.0013980714988051717,-0.004547583566986669,-0.0016252478182581455,-0.0008389961569499827,7.305678440671031e-05,0.009315591491300505,-0.011550083620783717,-0.0099794504513222,-0.0017174982390298832,0.003129061805416567
2024-06-04,-0.003461391061341612,0.00015781780702883567,0.0025912425475433537,-0.0007895600257788813,0.00021069599599527134,-0.0004327655619583285,0.0012631281687149542,0.00110668222940743,-0.00029012099695853693,-0.0003951580026225239,0.00369385432311262,0.00025732188077203525,0.005832952754820807,0.0010781478837678922,0.003848777461911789,-0.0018862833318937602,0.007193997279366621,0.006876764855977063,-0.002280694537956007,0.009762706313743178,-0.0007552152811149025,0.006283651167124069,0.005115116040031603,-0.000994374513746468,0.003010591049371149,-0.006321815202745929,0.012197602451900803,0.013213056355475998,0.019408674781345375,0.004949882884734179,-0.0032682894139077017,-0.0012724465693568646,-0.025184486369600658,-0.0007390175683892906,0.016636409091093974,-0.010146276772959314,-0.009671896838121809,0.0022252026235046406,0.008975206790264213,0.0048423231628157235,0.0075180682791741145,-0.003100182530135262,0.002944370396589958,-0.01043292995306804,0.005993043075762811,-0.009612795412734144,0.003687281678549358,-0.0003906181332120076
2024-06-05,-0.0004553378475024044,-0.0010925298233932575,-0.012705438081809297,-0.0003290300877054742,0.00040363155522230774,0.0017464774739992047,-0.001909074742142294,0.00033999287871491193,-0.0016686206776497822,-0.001072821920182067,-0.0016933547877713041,-2.574979710253359e-05,0.0007808350196486956,-0.0022769596248905072,-0.0006452314841076682,-0.003391095259020304,0.00502103816820292,-0.0006079497524011907,-0.005019369447816964,0.0008582929843953807,-0.008949697921779635,0.004950304978330772,-0.0008032067232121917,0.018607932806543086,-0.0022697251027373167,-0.0062535008742136714,-0.0019070143537118199,-0.001410540638548419,-0.009285424937418974,-0.00818052438526534,-0.0012682403761432814,0.00688148012988596,0.0015638845887470535,0.0016859293207617822,-0.006101571500559322,0.008040828444140943,-0.008464589248841444,0.0036988178921997486,-0.0023012517228627014,-0.00019316225345911885,-0.0005903091904000055,0.008866019773545217,-0.0026108297073894494,0.0015741808935848263,-0.005918843076694658,-0.00024139740527217066,0.0010287616326491778,-0.007083742522735093
2024-06-06,-0.0019395939127858414,0.0005658786077169639,-0.016835261379079754,0.0008662140272250975,-0.0004115858679581829,-0.0027435589962491154,0.0029222448451406403,0.0005529405904841953,-0.0012119895722865607,0.001231529978305662,0.0009432484855496151,-0.0015342370395274704,0.0017876697363057644,0.005244758955125283,0.002759675229700147,-0.0019829645934241785,0.01102196212437871,0.0028448033146781376,-0.0028106420001861006,0.006179226498165735,-0.002507462549584028,0.0004830993669803394,0.0030548960981536676,-0.006051015029775031,0.0031216342094666904,0.0008779392399320346,0.001915066993125155,-0.0075823097763661786,0.008251001745384172,0.015580580748723672,0.0020942510449007694,-0.007227890133360191,0.007817255860207296,-0.0025051663571771434,-0.0028371132280524424,0.018327027268454234,0.0039372427162865965,0.0005184724286271073,-0.003911710794265264,-0.007746356368065522,0.003836533480604323,-0.005981694087673714,0.0004435645949047897,-0.0015381223130657925,0.0006029922998081743,-0.012594030431053732,-0.005688559345492194,-0.004527314619450486
2024-06-07,-0.00023321474964979727,0.0024862088595069953,0.00551562544481051,9.610432760206085e-05,0.0003152558321425104,-0.0003976385036954009,-0.00021149359510098392,-0.0011055496276170852,0.0033262141002517484,0.0003475128261757283,-0.0011327407673138168,-0.0009494304537985512,-0.008468886748619285,-0.000301505332232229,-0.004490340010629132,-0.0027416419529833545,-0.011654781352756511,0.009188446646888813,0.005503063323426195,0.009881827660171694,0.005474066643309023,-0.0015793729479388523,0.009233428150840854,0.00030418695724543224,0.003315322906016341,-0.004385628504851868,0.001453126854371655,-0.0010927350409175092,0.0066174355549544085,0.001436978448519898,0.001564687983364008,0.0016651566240851064,0.00932228044736593,0.006358163911506471,-0.010966148026634226,-0.006215466575224129,0.002504980540743097,0.002081537906665421,0.004316388095018623,0.0008568975006082734,0.002043458338732803,-0.0033696395063453006,-0.0010222040041685347,-0.0048640409106915005,0.0026777637555790716,0.0029662769089054083,-0.009715663099398563,0.0007887229877014898
2024-06-11,0.0035540569913300236,-0.0036624694451677714,9.234383936504358e-05,-0.0005674327488400728,-0.0004319010287329141,-0.0001861317953148432,-0.0019136986889074282,0.0017605280843623632,-0.0029988611777530786,-0.0015635883477946027,-0.0003703099154673729,-0.0002963671122870973,0.003646376491042272,-0.0035638644742538245,0.0004828502615911916,0.00016446995352571386,-0.0007679798442135137,-0.015256247975125866,-0.002938820915841992,0.0004208123101471144,-0.007221364005673716,0.005264748296761157,-0.008189938770766564,0.006780718542325402,-0.00013238582478349516,0.000787023956281923,-0.007725553697245712,-0.00467927360647117,-0.006307087342065964,-0.018975456785762162,-0.0029686568072650943,-0.0026579869036191845,-0.002638678784402455,-0.0031901964784885623,-0.0034863722220320244,0.01971484901358375,0.0026387345531092414,-0.009914395386434396,-0.007145243231979323,-0.001484890275453861,-0.003101284313524577,0.00755777861147951,-0.0037399632553212856,0.004558137619559129,-0.007818080889147917,0.005386492769813445,0.004297470736283698,-0.015579949040688408
2024-06-12,-0.00029323721360974953,-0.000752407871922952,0.005920579485177632,0.000792408340687783,-0.00010786980212699348,-0.00026667401771434887,0.0015144322424514292,-0.0008790199443503175,0.0016484203772139062,-0.0010601432359035614,0.0024494146460635555,0.0006922536921069062,-0.003658603885239679,0.0006501622798879436,-0.0020371832460335687,0.004036040738646249,-0.0028133756851955443,0.0004003283712370779,0.018991233181955662,0.0023327192781748144,-0.006923478274335528,-0.001782080434367624,0.0004938117783718736,-0.002171863346200687,-0.000870386001146729,-8.561199650375674e-05,-0.007375949645416534,-2.9544286721231274e-05,-0.009492359503429498,0.0023075625109652055,0.00402281993348074,-0.00157323063287386,0.027470724264149295,0.00048804683190271236,-0.006431183161947249,0.0007785319402576437,0.009590775060200705,-0.0033728486905985323,-0.00015755071873933422,-0.0017992824595644908,-0.0038513047672524272,4.3156727608283525e-05,-0.004355047631255023,0.0011569357210785272,-0.002639961472124735,-0.005263947933468176,-0.003642050659021181,0.0009906598589123068
2024-06-13,0.003878374802265922,-0.00028252424567756676,-0.004862602373046887,-0.0002617541661420062,-0.0017035162582115626,-0.0015395528859563424,-0.002152190748804048,0.002145055259774383,-0.002062932916762503,-0.0033291691589803973,-0.0061607113827752144,-0.0004775101436504909,-0.002542987020273665,0.0014860844422368512,0.0005912040812375453,0.0030319425597573404,-0.0006161211362422164,-0.0048967146591617555,0.00026720311468885356,0.011693157575921098,-0.012642446362498531,-0.007132551559079716,-0.005699478833325772,0.005148138102857136,-0.009898127635873232,-0.000607298571266605,-0.01171276714936534,-0.001987571759217346,-0.0023672359615627913,-0.011170949369780733,0.002185367246738313,0.0015318585776899652,-0.0034911775898303133,0.0007425001559008778,0.006633107093757586,0.009375718945026248,-0.007940974701176154,-0.001310271739995109,-0.008062479363565415,-0.00787162924350482,-0.012801307839921222,0.002962163760453897,-0.005923702042734223,0.010039092324453882,-0.002948144963096636,0.006745787121910589,0.003909751733631601,-0.012022178632808106
2024-06-14,0.0014968991521379217,0.0008560909218234959,0.002162611655239194,0.00031379754884308344,0.0008511768995205486,-0.0009824158458658094,0.0012206360997015215,-0.0011114708987622088,0.001676360464716498,-9.085232359126585e-05,0.004185617901701351,0.0007400871389146394,-0.00045057333662277583,0.002699074328998196,0.00046616004923456615,-0.0035322018131686674,0.000532568300841559,-0.0036817660979703015,-0.00019477091496960774,-0.011458611650826839,0.003900453782907588,-0.009406609650820541,-0.0013327303662731937,-0.013249181126429638,-0.005601768914542499,0.0010350472646143683,0.003339827904074436,0.0009253085781371171,0.01184766880083514,-0.00046242700515394586,-0.008388355230342983,-0.004411927969296589,-0.006612590374742056,-0.005047288282641636,0.0034380279772925357,0.002400798403597374,-0.002051278401484725,0.0008129390421550523,-0.003362649408424377,0.0007955292354175683,-0.004261970035970682,0.004310246123640214,0.003009376434856555,0.016906795654902045,0.010585861928901218,0.0023740829685291232,0.014451465779303969,0.0046132774600451225
2024-06-17,0.0005447887580755212,-0.0019390848189207955,-0.003470011864706443,-2.814226288560901e-05,0.0008398303285245453,-0.0007483761100518311,-0.0010661326248678665,0.0012586979137385547,-0.001617055067730165,-0.0012943801028725917,0.0014075789292149693,0.0009691044590823869,0.0023463033207623486,0.00011439143750286514,-0.0007967861412721812,-0.0018372618835969853,0.0029991671957634958,-0.0004428034390309262,-0.01143979396600983,-0.008268129378975492,-0.00699076045114918,0.0009426840689826993,-0.007322692941631605,0.00033773110579488275,-0.0015816474629051476,-0.007137037111702819,-0.005725457156020787,0.001039747163799018,-0.007492496879933892,-0.007473284559349928,0.002622072154840801,0.006905454837669578,-0.016727645941766078,0.0030001232232865055,0.008841778238188831,0.019956402759923428,-0.007207325999025565,-0.0013816724163941579,-0.004869690198875564,-0.008798834445995272,-0.003164143349615559,-0.0019881828244418948,-0.00888961564319672,0.005507958717323367,-0.013005543044515228,-0.003012880023419113,0.0018229800524732314,-0.00452765262029807
2024-06-18,0.0017243812110588684,0.002134404019296216,0.007044679727071148,-5.412102535457519e-05,0.0001093510189720978,-0.00034002756400660104,-0.0005057849603979098,-0.0013415442699424413,0.0021190758489281016,-0.0007681407563644389,0.0019685864294863684,4.159744938282143e-05,-0.002888014074276731,0.002253572939019873,-0.0018756183855807716,0.0017681615271770757,-0.001543620063861448,0.00576811859186489,-0.007312817817062341,-0.004335908975045452,-0.004959639381629872,-0.007637599661925234,-0.0020156079522527658,0.0027103504220735695,0.003786672507701944,-0.0033297427450212904,-0.004001957321966587,0.00363697708124447,-0.016372383343157857,0.0025752942084589954,0.00829183406256419,0.015576931249859772,-0.004314312056884547,-0.000420513809817678,-0.000771484644965846,-0.0016977515310572153,0.004685811677586193,-0.004571846255637344,-0.004666926250041144,0.002099797076154882,0.00340185577821841,0.011899507454727438,-0.003177782715548325,0.010804308917752579,0.0011128087089061231,-0.0016214379658990238,-0.001975834810880227,-0.0089838892963099
2024-06-19,0.0002136677981269881,0.0013241282616635816,-0.00628239204427501,-0.00023725474114741983,0.0007464755424164923,-7.296022796735062e-05,-0.00020941759030631822,-0.0011855867474536601,-0.0002894350055623356,-0.0005804956478673685,6.202891551426589e-05,0.00023492538207538522,-0.005075121902616477,0.0026978326407356653,-0.001467045257549391,-4.499256204893242e-05,-0.0017467166706557986,-0.0017198624052608502,-0.007819060405306609,-0.003291464617082655,-0.0066811864675752975,-0.003753238977355019,-0.00421542590470654,-0.005042939814055701,-0.0014926679973658854,-0.005174885490484454,-0.0020553283735317476,0.00829013243957359,-0.004362617084334891,0.008161747593485561,-0.002905102442612503,-0.007219719468017302,0.0013683440460220465,-0.0023046735989362605,-0.013793701120765825,0.0021494311684465304,0.00988987454849306,-0.004585209501915374,-0.0019416445924943285,-0.0028634045752045398,-0.004531189949294929,0.005763667065639691,-0.00036944384595067,0.002155840642528814,0.001649979913544782,0.01239471196393687,-0.006423955001394476,0.004818085178764533
2024-06-20,-0.0012615016549021249,0.0010237158617905893,-0.014235606700024193,0.0005183886514522971,-0.001092007148478948,0.002326015296071548,-0.0011541917729058983,0.003092025016010948,-0.0020701881445837076,-0.0037031472346179544,-0.009192597682619746,-0.0008344001286046692,-0.0034464905771362775,0.0037023487190863858,-0.0023910346940425728,0.0021278232216014182,-0.00030783154410252573,0.003110757064427486,-0.0035412470473991505,0.005417709875357401,-0.0024891697976530814,0.0020371137048065526,-0.003621698935325039,-0.008023687105706417,-0.005136688757285815,-0.0019357998341455707,-0.004963829876595445,-0.0053997503181619794,-0.007195445157722157,0.004111155273044707,-0.003463563828291665,-0.0015035714357705975,0.013646946812824726,-0.0010078935135758272,-0.005454642626087097,0.009522476872161217,0.003912400780050535,0.006724422696835382,-0.005077671678156371,-0.008866725526079273,-0.0010194243763835054,2.5445194436988047e-05,-0.006563933772125877,-0.00035784307291014276,-0.0015706837519549575,-0.003183905803055,0.00070766020848175,-0.002428730813917761
2024-06-21,0.0003643250537466359,0.0003803758868756321,-0.0012544945336436424,0.00029733112673364877,-7.911438903876048e-05,0.00017879768556889323,-0.0003001394065083032,-0.0006841968193699126,-0.0012122109497415972,0.00030061877794887074,0.0019903820173326637,0.001213968806157933,-0.00042881213396369765,0.00372903660686725,-0.00032215912418195777,-0.005619777778565241,-0.0007186103023834948,0.0010666938616537077,0.0004633547112106551,-0.00044227817663229706,0.005582831962170908,0.008534780484651354,-0.0008237799764200569,0.0015161159181985183,-0.0008187794783232923,-0.0023443672906725815,0.016732210558910672,0.01664079828542312,0.002384929530693096,-0.005768481750338789,-0.00330255340017761,0.006177806030935245,-0.007687256113354459,0.005099093211733332,-0.002266369345143262,0.0009225346599410274,-0.0003816980639526007,-0.005746164913558553,0.0010261456812074813,-0.006832261888696237,-0.0006026443529607626,0.0010837469048287495,-0.00194950275839465,0.004031868082697582,-0.0023687878145821,-0.005039202111761218,-0.0010078161806789374,-0.006094352921784551
2024-06-24,-0.005252518956939426,-0.0006114679121788358,-0.022738690840337635,0.00040663970968831797,0.000979216821707292,-0.00027561739490043367,-0.0001192898307209744,-0.00015162650534219493,0.0007481491394734151,0.0002061977857840434,0.0013988003563891191,0.0009691566250100652,-0.0019273240734638485,0.0011828221987934746,0.0009817176436516036,-0.0015244565313928364,0.007447647581189043,-0.0011250320283127547,-0.003171756690768466,0.009176866192274445,-0.005489776944946464,-0.004346744942116967,-0.002864317957452185,-0.004710115201186107,0.0023132062547771668,0.002721017635237392,0.007532495558475189,-0.0006653594510767874,-0.007403918441698133,-0.0009505333363351584,-0.001599337769004424,-0.004119029385953517,-0.013113969693999859,0.0019707841235493276,0.0022574712575323566,-0.002280472830536827,0.0011113996427112721,-0.003783650432003402,-8.523394574979368e-05,-0.0027632315248941903,0.003976856421431551,-0.00038859086218317584,0.0011186447459661402,-0.003386020487513032,-0.00037911607601279055,0.0025364669954231166,0.0033147989006745964,0.006085569573332176
2024-06-25,-0.0031406730444535195,0.0006347383462891414,-0.004498361676032454,-0.00015861940618414955,0.0003533166033421851,-0.0016632437873714877,0.0027900277391938676,-0.0007635585906111826,0.0020913953934966383,0.001590767245753072,-0.00023687992728212474,0.0014078047326308509,-0.003417787697255938,0.0012185096367574174,-0.0008561022276533501,-0.003063001956593197,-0.006918586713466128,0.0006000759851126686,0.0015545998094037342,-0.006858355218979426,-0.0015431857631471753,0.0015280489288738265,0.006613366987889906,-0.0026804247013704646,0.010223642781655795,0.005774114131532017,0.004965565174247089,-0.005046190852233384,0.014620543143241179,0.010231068253246597,0.00826373776881181,0.010417502544908079,-0.0008735398607867691,-0.004340111439467047,-0.0011567855508459886,-0.017190823351028717,0.008833476436589247,0.01839375141409287,0.003286412153706926,0.001251700189512123,0.006240342130019335,-0.005401560169460575,0.005486002157162752,-0.009232504064910043,0.0021758988522721998,-0.0010785968062604202,-0.006777045151736169,0.007435059475356311
2024-06-26,0.009276262904123405,0.0010023324842726503,0.01755177871516551,0.0007000450191007458,0.0001375545777156326,-0.001134745438322432,-0.0017301526949588708,-0.00012361599530290123,-0.0003811338383343052,-0.0006991865775494346,-2.8620799013628743e-05,-0.000950807672436322,-0.0013119680498743218,-0.0020969284502136082,5.8230816269446014e-05,-0.003543126757637723,-0.0043973585859341194,-0.004620760647560963,0.022541571616968535,0.0009304197788050059,-0.002666316577859045,0.00558435459564545,-0.003415196303828832,-0.00020094444758820984,-0.005090324222601733,-0.0047679744984587165,-0.008319863352131628,-0.005888097350468882,-0.012676310326043822,-0.0019154106161282517,-0.004554827908189244,-0.00573907321959499,0.001388041652357382,-0.004474074849559068,-0.0033766060033719003,0.004837171258280126,0.0019686617024716278,-0.009000216501893385,-0.003753035900225023,-0.0030180373564700443,0.0046385617584950535,0.010831091082598554,-0.0034698457518068026,0.006538875241244759,0.0007626549632372402,0.005741472352550471,-0.005937736879482009,-0.00666641261277477
2024-06-27,-0.003305426573871519,3.079729950690175e-05,-0.014828936227572764,0.0004612111802202653,0.0007993919615488204,-0.0007090741961438791,-0.001168868538448483,-0.0011416612175777405,0.0003245664310344324,-1.20547844885085e-05,-0.00022494139588756165,-0.00013066207061199436,-0.0054604338150837095,0.00030195853853996193,7.152474197951047e-05,-0.003883639095411355,-0.0015977400848609538,0.0005871771630123924,0.007916660567890223,-0.002280239627519632,-0.0013565785422066977,-0.00789406363243144,-0.006267029249352084,0.0011310508177513,-0.008115209204787092,-0.010040767215824906,-0.003241324699307887,0.004453974391489066,-0.0017701113063929934,-0.007738042422856318,-0.0009732865825728917,-0.008438654795379886,-0.0019599644132801274,-0.005533662514968615,-0.00039767861623148614,0.0038804619210478404,-0.003081635941776388,0.004144820218145742,-0.008064737395962153,-0.0034487534999247944,-0.003992857234764895,0.004577925066450155,-0.0027961815072190593,0.0035296775637410818,-0.003776365974488181,0.015450825494102031,0.0005697254474845723,-0.0035781588940593982
2024-06-28,0.0009225033570378892,0.0012582987093974886,0.0048912046709858326,0.0003717000565484433,-0.00023450962451160938,-0.004087203643752295,0.0021259461163645557,-0.0009326834114642006,0.0017138150259582,-0.0010305939690670321,0.0037061013823744457,-1.966776383123161e-05,-0.0010359177989787325,0.006713772159202394,-0.002548427806939697,-0.0026505825798103177,-0.0008392731686726319,0.003724475518867206,-0.013857761849182335,0.011974924466010702,-0.004377128518671096,-0.00655157851926972,-0.005146370651692493,0.026948859554568876,-0.0028614116958630914,-0.009807408058774602,-0.007490759966675686,-0.0003442647544182804,-0.01659950587957468,0.010640120704632192,0.0048925764207734,0.0017314224625592685,-0.00031167690946765856,-0.0018893648070757072,0.009300277433036427,0.014873826336185537,0.01780936872586032,-0.0016203988548543935,-0.008379137549496912,0.0015447133733560207,-0.0038825576788953423,-0.008297583231078563,-0.005214855373756252,0.011594501855544797,-0.0072546627646834895,-0.009650523934331814,-0.01954602404547986,-0.01093887972804734
